mov,$0,-81,1
mov,$0,-2,1
mov,$0,0,110
mov,$0,1,706
mov,$0,2,348
mov,$0,3,163
mov,$0,4,158
mov,$0,5,105
mov,$0,6,97
mov,$0,7,34
mov,$0,8,46
mov,$0,9,24
mov,$0,10,25
mov,$0,11,8
mov,$0,12,5
mov,$0,13,1
mov,$0,14,6
mov,$0,16,5
mov,$0,17,4
mov,$0,18,2
mov,$0,20,1
mov,$0,22,1
mov,$0,24,1
mov,$0,26,2
mov,$0,27,1
mov,$0,28,1
mov,$0,29,2
mov,$0,30,1
mov,$0,32,6
mov,$0,35,1
mov,$0,36,1
mov,$0,43,1
mov,$0,47,1
mov,$0,50,1
mov,$0,54,1
mov,$0,60,1
mov,$0,61,4
mov,$0,72,1
mov,$0,76,1
mov,$0,90,1
mov,$0,120,1
mov,$0,123,1
mov,$0,127,2
mov,$0,186,2
mov,$0,200,1
mov,$0,432,2
mov,$0,625,3
mov,$0,730,1
mov,$0,1031,1
mov,$0,1600,1
mov,$0,1729,2
mov,$0,7780,1
mov,$0,$1,241
mov,$0,$2,609
mov,$0,$3,584
mov,$0,$4,387
mov,$0,$5,488
mov,$0,$6,273
mov,$0,$7,559
mov,$0,$8,178
mov,$0,$9,519
mov,$0,$10,156
mov,$0,$11,307
mov,$0,$12,225
mov,$0,$13,218
mov,$0,$14,137
mov,$0,$15,137
mov,$0,$16,143
mov,$0,$17,68
mov,$0,$18,69
mov,$0,$19,49
mov,$0,$20,48
mov,$0,$21,18
mov,$0,$22,22
mov,$0,$23,22
mov,$0,$24,14
mov,$0,$25,4
mov,$0,$26,9
mov,$0,$27,9
mov,$0,$28,2
mov,$0,$29,2
mov,$0,$30,2
mov,$0,$31,8
mov,$0,$33,1
mov,$0,$35,8
mov,$0,$38,1
mov,$0,$92,1
mov,$0,$95,1
mov,$0,$$1,1
mov,$0,$$2,1
mov,$0,$$3,1
mov,$1,-140737488355327,1
mov,$1,-30,1
mov,$1,-26,1
mov,$1,-11,1
mov,$1,-10,1
mov,$1,-9,1
mov,$1,-8,2
mov,$1,-7,4
mov,$1,-6,5
mov,$1,-5,8
mov,$1,-4,14
mov,$1,-3,17
mov,$1,-2,18
mov,$1,-1,8
mov,$1,0,52
mov,$1,1,1842
mov,$1,2,1398
mov,$1,3,698
mov,$1,4,562
mov,$1,5,432
mov,$1,6,336
mov,$1,7,197
mov,$1,8,165
mov,$1,9,86
mov,$1,10,63
mov,$1,11,20
mov,$1,12,22
mov,$1,13,10
mov,$1,14,13
mov,$1,15,8
mov,$1,16,8
mov,$1,17,5
mov,$1,18,7
mov,$1,19,9
mov,$1,20,9
mov,$1,21,7
mov,$1,22,9
mov,$1,23,4
mov,$1,24,12
mov,$1,25,8
mov,$1,26,5
mov,$1,27,4
mov,$1,28,7
mov,$1,29,8
mov,$1,30,9
mov,$1,31,4
mov,$1,32,6
mov,$1,33,3
mov,$1,34,4
mov,$1,35,2
mov,$1,36,11
mov,$1,37,2
mov,$1,38,3
mov,$1,39,2
mov,$1,40,5
mov,$1,41,2
mov,$1,42,3
mov,$1,43,2
mov,$1,44,4
mov,$1,45,2
mov,$1,46,2
mov,$1,47,3
mov,$1,48,2
mov,$1,49,6
mov,$1,50,2
mov,$1,51,2
mov,$1,52,2
mov,$1,53,2
mov,$1,54,2
mov,$1,55,2
mov,$1,56,3
mov,$1,57,2
mov,$1,58,2
mov,$1,59,2
mov,$1,60,2
mov,$1,61,2
mov,$1,62,2
mov,$1,63,2
mov,$1,64,5
mov,$1,65,2
mov,$1,66,1
mov,$1,67,2
mov,$1,68,1
mov,$1,69,1
mov,$1,70,1
mov,$1,71,1
mov,$1,72,1
mov,$1,73,1
mov,$1,74,1
mov,$1,75,2
mov,$1,76,1
mov,$1,77,1
mov,$1,78,1
mov,$1,79,2
mov,$1,80,1
mov,$1,81,5
mov,$1,82,1
mov,$1,83,2
mov,$1,84,1
mov,$1,85,1
mov,$1,86,1
mov,$1,87,1
mov,$1,88,2
mov,$1,89,1
mov,$1,90,3
mov,$1,91,1
mov,$1,92,1
mov,$1,93,1
mov,$1,94,1
mov,$1,95,1
mov,$1,96,1
mov,$1,97,2
mov,$1,98,1
mov,$1,99,2
mov,$1,100,3
mov,$1,105,1
mov,$1,108,2
mov,$1,120,1
mov,$1,121,1
mov,$1,126,1
mov,$1,128,1
mov,$1,131,1
mov,$1,141,1
mov,$1,165,1
mov,$1,196,1
mov,$1,204,4
mov,$1,243,1
mov,$1,256,4
mov,$1,259,1
mov,$1,356,1
mov,$1,470,1
mov,$1,1000,2
mov,$1,2519,1
mov,$1,3125,3
mov,$1,4096,2
mov,$1,6561,2
mov,$1,10000,1
mov,$1,32768,1
mov,$1,46656,1
mov,$1,64000,1
mov,$1,65536,1
mov,$1,100000,1
mov,$1,196572,1
mov,$1,262144,1
mov,$1,823543,1
mov,$1,1000000,1
mov,$1,1679616,1
mov,$1,9979199,2
mov,$1,16777216,1
mov,$1,100000000,1
mov,$1,387420489,1
mov,$1,1000000000,1
mov,$1,2176782336,1
mov,$1,4294967296,1
mov,$1,$0,7937
mov,$1,$2,3860
mov,$1,$3,2666
mov,$1,$4,1721
mov,$1,$5,922
mov,$1,$6,766
mov,$1,$7,226
mov,$1,$8,532
mov,$1,$9,109
mov,$1,$10,507
mov,$1,$11,119
mov,$1,$12,294
mov,$1,$13,220
mov,$1,$14,210
mov,$1,$15,142
mov,$1,$16,130
mov,$1,$17,151
mov,$1,$18,59
mov,$1,$19,74
mov,$1,$20,49
mov,$1,$21,48
mov,$1,$22,17
mov,$1,$23,21
mov,$1,$24,21
mov,$1,$25,13
mov,$1,$26,14
mov,$1,$27,9
mov,$1,$28,9
mov,$1,$29,2
mov,$1,$30,2
mov,$1,$31,2
mov,$1,$32,8
mov,$1,$34,1
mov,$1,$36,8
mov,$1,$39,1
mov,$1,$93,1
mov,$1,$96,1
mov,$1,$$0,1
mov,$1,$$1,1
mov,$1,$$2,5
mov,$1,$$3,2
mov,$1,$$4,1
mov,$2,-13,1
mov,$2,-9,1
mov,$2,-8,2
mov,$2,-7,1
mov,$2,-5,2
mov,$2,-4,3
mov,$2,-3,8
mov,$2,-2,18
mov,$2,-1,44
mov,$2,0,86
mov,$2,1,1439
mov,$2,2,1001
mov,$2,3,505
mov,$2,4,398
mov,$2,5,277
mov,$2,6,230
mov,$2,7,126
mov,$2,8,114
mov,$2,9,72
mov,$2,10,67
mov,$2,11,31
mov,$2,12,38
mov,$2,13,13
mov,$2,14,20
mov,$2,15,16
mov,$2,16,19
mov,$2,17,23
mov,$2,18,16
mov,$2,19,8
mov,$2,20,13
mov,$2,21,10
mov,$2,22,6
mov,$2,23,3
mov,$2,24,14
mov,$2,25,9
mov,$2,26,4
mov,$2,27,8
mov,$2,28,7
mov,$2,29,4
mov,$2,30,7
mov,$2,31,3
mov,$2,32,9
mov,$2,33,3
mov,$2,34,5
mov,$2,35,6
mov,$2,36,3
mov,$2,37,10
mov,$2,38,3
mov,$2,39,2
mov,$2,40,8
mov,$2,42,5
mov,$2,43,1
mov,$2,44,1
mov,$2,45,4
mov,$2,46,5
mov,$2,47,1
mov,$2,48,1
mov,$2,49,4
mov,$2,50,7
mov,$2,52,3
mov,$2,53,3
mov,$2,54,4
mov,$2,55,2
mov,$2,56,5
mov,$2,57,1
mov,$2,58,7
mov,$2,60,3
mov,$2,61,1
mov,$2,63,2
mov,$2,64,5
mov,$2,66,1
mov,$2,69,1
mov,$2,70,5
mov,$2,71,2
mov,$2,72,2
mov,$2,73,4
mov,$2,74,1
mov,$2,75,3
mov,$2,77,2
mov,$2,78,1
mov,$2,79,1
mov,$2,80,4
mov,$2,81,3
mov,$2,84,2
mov,$2,85,2
mov,$2,86,1
mov,$2,88,2
mov,$2,90,2
mov,$2,91,3
mov,$2,92,1
mov,$2,94,1
mov,$2,95,1
mov,$2,96,2
mov,$2,97,2
mov,$2,98,1
mov,$2,99,2
mov,$2,100,2
mov,$2,101,1
mov,$2,104,1
mov,$2,105,1
mov,$2,108,1
mov,$2,109,4
mov,$2,112,3
mov,$2,116,2
mov,$2,118,2
mov,$2,120,3
mov,$2,126,3
mov,$2,128,2
mov,$2,129,1
mov,$2,130,1
mov,$2,132,2
mov,$2,135,1
mov,$2,138,1
mov,$2,140,2
mov,$2,144,1
mov,$2,146,1
mov,$2,147,2
mov,$2,148,1
mov,$2,150,1
mov,$2,152,1
mov,$2,154,1
mov,$2,160,2
mov,$2,164,1
mov,$2,169,1
mov,$2,176,1
mov,$2,190,1
mov,$2,192,2
mov,$2,199,1
mov,$2,200,1
mov,$2,256,1
mov,$2,322,1
mov,$2,512,3
mov,$2,624,1
mov,$2,784,1
mov,$2,841,2
mov,$2,900,2
mov,$2,961,1
mov,$2,4096,4
mov,$2,10000,1
mov,$2,32768,3
mov,$2,46656,1
mov,$2,78125,1
mov,$2,531441,2
mov,$2,1000000,1
mov,$2,2985984,1
mov,$2,16777216,1
mov,$2,377801998336,1
mov,$2,$0,6427
mov,$2,$1,881
mov,$2,$3,1812
mov,$2,$4,843
mov,$2,$5,384
mov,$2,$6,219
mov,$2,$7,77
mov,$2,$8,71
mov,$2,$9,23
mov,$2,$10,12
mov,$2,$11,2
mov,$2,$14,1
mov,$3,-3430,1
mov,$3,-20,2
mov,$3,-17,1
mov,$3,-13,1
mov,$3,-11,1
mov,$3,-6,1
mov,$3,-5,1
mov,$3,-4,4
mov,$3,-3,1
mov,$3,-2,10
mov,$3,-1,19
mov,$3,0,138
mov,$3,1,1178
mov,$3,2,893
mov,$3,3,480
mov,$3,4,309
mov,$3,5,208
mov,$3,6,191
mov,$3,7,116
mov,$3,8,69
mov,$3,9,40
mov,$3,10,50
mov,$3,11,17
mov,$3,12,12
mov,$3,13,6
mov,$3,14,11
mov,$3,15,7
mov,$3,16,10
mov,$3,17,7
mov,$3,18,3
mov,$3,19,3
mov,$3,20,4
mov,$3,21,2
mov,$3,22,1
mov,$3,23,3
mov,$3,24,8
mov,$3,25,3
mov,$3,26,4
mov,$3,27,1
mov,$3,29,2
mov,$3,30,3
mov,$3,31,2
mov,$3,32,3
mov,$3,33,1
mov,$3,34,2
mov,$3,36,2
mov,$3,37,4
mov,$3,38,1
mov,$3,40,3
mov,$3,41,1
mov,$3,42,2
mov,$3,43,1
mov,$3,45,3
mov,$3,47,1
mov,$3,48,1
mov,$3,49,5
mov,$3,50,4
mov,$3,54,1
mov,$3,55,3
mov,$3,56,1
mov,$3,60,2
mov,$3,64,3
mov,$3,65,1
mov,$3,68,2
mov,$3,70,1
mov,$3,78,1
mov,$3,81,1
mov,$3,85,1
mov,$3,90,1
mov,$3,98,1
mov,$3,108,1
mov,$3,112,1
mov,$3,120,1
mov,$3,126,1
mov,$3,128,2
mov,$3,133,1
mov,$3,171,1
mov,$3,172,1
mov,$3,225,1
mov,$3,243,1
mov,$3,256,1
mov,$3,431,1
mov,$3,512,2
mov,$3,896,1
mov,$3,898,1
mov,$3,1031,1
mov,$3,1708,1
mov,$3,10000,2
mov,$3,40320,1
mov,$3,524288,1
mov,$3,1679616,1
mov,$3,8388607,1
mov,$3,10000000000,1
mov,$3,13168189440000,1
mov,$3,$0,2721
mov,$3,$1,827
mov,$3,$2,1273
mov,$3,$4,1354
mov,$3,$5,522
mov,$3,$6,513
mov,$3,$7,117
mov,$3,$8,70
mov,$3,$9,29
mov,$3,$10,13
mov,$3,$11,3
mov,$3,$13,1
mov,$3,$$0,1
mov,$3,$$4,1
mov,$4,-15625,1
mov,$4,-9,2
mov,$4,-6,1
mov,$4,-4,2
mov,$4,-3,6
mov,$4,-2,5
mov,$4,-1,7
mov,$4,0,290
mov,$4,1,730
mov,$4,2,574
mov,$4,3,263
mov,$4,4,224
mov,$4,5,156
mov,$4,6,126
mov,$4,7,44
mov,$4,8,45
mov,$4,9,43
mov,$4,10,32
mov,$4,11,18
mov,$4,12,10
mov,$4,13,4
mov,$4,14,2
mov,$4,15,6
mov,$4,16,4
mov,$4,17,5
mov,$4,18,4
mov,$4,19,3
mov,$4,20,7
mov,$4,21,2
mov,$4,22,3
mov,$4,23,1
mov,$4,24,3
mov,$4,26,2
mov,$4,27,1
mov,$4,28,1
mov,$4,29,2
mov,$4,30,1
mov,$4,31,1
mov,$4,35,1
mov,$4,37,1
mov,$4,41,1
mov,$4,42,2
mov,$4,44,2
mov,$4,48,1
mov,$4,49,1
mov,$4,51,1
mov,$4,54,1
mov,$4,59,1
mov,$4,64,2
mov,$4,66,1
mov,$4,70,1
mov,$4,80,1
mov,$4,81,1
mov,$4,84,1
mov,$4,125,1
mov,$4,128,1
mov,$4,330,1
mov,$4,384,1
mov,$4,1331,2
mov,$4,390619,1
mov,$4,8984250,1
mov,$4,$0,2305
mov,$4,$1,507
mov,$4,$2,833
mov,$4,$3,838
mov,$4,$5,640
mov,$4,$6,248
mov,$4,$7,135
mov,$4,$8,55
mov,$4,$9,34
mov,$4,$10,12
mov,$4,$11,4
mov,$4,$13,1
mov,$4,$14,1
mov,$4,$$0,1
mov,$4,$$1,1
mov,$4,$$5,2
mov,$5,-7,1
mov,$5,-6,1
mov,$5,-5,2
mov,$5,-2,3
mov,$5,-1,3
mov,$5,0,256
mov,$5,1,402
mov,$5,2,403
mov,$5,3,147
mov,$5,4,108
mov,$5,5,91
mov,$5,6,76
mov,$5,7,39
mov,$5,8,42
mov,$5,9,22
mov,$5,10,15
mov,$5,11,7
mov,$5,12,4
mov,$5,13,7
mov,$5,15,4
mov,$5,16,2
mov,$5,17,4
mov,$5,19,1
mov,$5,20,2
mov,$5,21,1
mov,$5,22,2
mov,$5,23,3
mov,$5,25,1
mov,$5,27,1
mov,$5,28,1
mov,$5,30,1
mov,$5,33,1
mov,$5,35,1
mov,$5,36,1
mov,$5,37,1
mov,$5,40,1
mov,$5,42,1
mov,$5,49,1
mov,$5,50,1
mov,$5,56,1
mov,$5,63,1
mov,$5,64,1
mov,$5,75,1
mov,$5,80,5
mov,$5,84,1
mov,$5,89,1
mov,$5,98,1
mov,$5,106,1
mov,$5,116,1
mov,$5,120,2
mov,$5,136,1
mov,$5,182,1
mov,$5,222,1
mov,$5,840,1
mov,$5,4096,1
mov,$5,32768,1
mov,$5,120259084288,1
mov,$5,$0,1659
mov,$5,$1,231
mov,$5,$2,335
mov,$5,$3,307
mov,$5,$4,658
mov,$5,$6,389
mov,$5,$7,155
mov,$5,$8,56
mov,$5,$9,28
mov,$5,$10,12
mov,$5,$11,1
mov,$5,$13,2
mov,$5,$21,1
mov,$6,-94,1
mov,$6,-14,1
mov,$6,-5,1
mov,$6,-2,1
mov,$6,0,121
mov,$6,1,282
mov,$6,2,240
mov,$6,3,97
mov,$6,4,62
mov,$6,5,40
mov,$6,6,49
mov,$6,7,27
mov,$6,8,28
mov,$6,9,19
mov,$6,10,5
mov,$6,11,2
mov,$6,12,2
mov,$6,13,1
mov,$6,14,1
mov,$6,15,2
mov,$6,16,1
mov,$6,17,5
mov,$6,18,1
mov,$6,20,1
mov,$6,21,1
mov,$6,22,1
mov,$6,24,1
mov,$6,27,1
mov,$6,29,1
mov,$6,31,1
mov,$6,32,1
mov,$6,39,1
mov,$6,41,1
mov,$6,59,4
mov,$6,60,5
mov,$6,64,1
mov,$6,83,1
mov,$6,100,1
mov,$6,158,1
mov,$6,720,1
mov,$6,5040,1
mov,$6,40320,1
mov,$6,16777500,1
mov,$6,$0,916
mov,$6,$1,293
mov,$6,$2,198
mov,$6,$3,260
mov,$6,$4,193
mov,$6,$5,420
mov,$6,$7,199
mov,$6,$8,62
mov,$6,$9,25
mov,$6,$10,12
mov,$6,$11,4
mov,$6,$13,1
mov,$6,$$0,1
mov,$7,-2,1
mov,$7,-1,1
mov,$7,0,303
mov,$7,1,126
mov,$7,2,227
mov,$7,3,44
mov,$7,4,31
mov,$7,5,30
mov,$7,6,28
mov,$7,7,18
mov,$7,8,17
mov,$7,9,8
mov,$7,10,9
mov,$7,12,1
mov,$7,13,5
mov,$7,14,1
mov,$7,16,2
mov,$7,17,1
mov,$7,20,2
mov,$7,21,1
mov,$7,24,2
mov,$7,26,1
mov,$7,30,3
mov,$7,31,1
mov,$7,32,3
mov,$7,35,2
mov,$7,36,1
mov,$7,37,2
mov,$7,38,1
mov,$7,40,1
mov,$7,44,1
mov,$7,49,1
mov,$7,55,1
mov,$7,58,1
mov,$7,60,1
mov,$7,62,1
mov,$7,65,1
mov,$7,75,1
mov,$7,78,2
mov,$7,82,1
mov,$7,112,1
mov,$7,123,1
mov,$7,127,1
mov,$7,148,1
mov,$7,156,1
mov,$7,$0,1124
mov,$7,$1,94
mov,$7,$2,43
mov,$7,$3,58
mov,$7,$4,99
mov,$7,$5,54
mov,$7,$6,130
mov,$7,$8,123
mov,$7,$9,16
mov,$7,$10,21
mov,$7,$11,3
mov,$7,$15,2
mov,$8,-11,1
mov,$8,-1,1
mov,$8,0,80
mov,$8,1,80
mov,$8,2,132
mov,$8,3,44
mov,$8,4,25
mov,$8,5,15
mov,$8,6,18
mov,$8,7,12
mov,$8,8,11
mov,$8,9,7
mov,$8,10,4
mov,$8,11,2
mov,$8,12,7
mov,$8,13,1
mov,$8,14,1
mov,$8,16,2
mov,$8,17,2
mov,$8,20,1
mov,$8,23,1
mov,$8,32,1
mov,$8,34,1
mov,$8,37,1
mov,$8,50,1
mov,$8,70,2
mov,$8,77,1
mov,$8,106,1
mov,$8,125,1
mov,$8,$0,370
mov,$8,$1,275
mov,$8,$2,39
mov,$8,$3,29
mov,$8,$4,42
mov,$8,$5,76
mov,$8,$6,94
mov,$8,$7,237
mov,$8,$9,101
mov,$8,$10,11
mov,$8,$11,4
mov,$8,$12,1
mov,$8,$13,2
mov,$8,$15,2
mov,$8,$22,1
mov,$9,0,293
mov,$9,1,32
mov,$9,2,238
mov,$9,3,10
mov,$9,4,11
mov,$9,5,4
mov,$9,6,4
mov,$9,8,1
mov,$9,9,2
mov,$9,10,3
mov,$9,12,1
mov,$9,17,1
mov,$9,18,1
mov,$9,19,1
mov,$9,21,1
mov,$9,23,1
mov,$9,26,1
mov,$9,56,1
mov,$9,64,1
mov,$9,69,1
mov,$9,71,1
mov,$9,216,1
mov,$9,$0,825
mov,$9,$1,63
mov,$9,$2,10
mov,$9,$3,8
mov,$9,$4,14
mov,$9,$5,15
mov,$9,$6,17
mov,$9,$7,13
mov,$9,$8,86
mov,$9,$10,16
mov,$9,$11,1
mov,$9,$12,2
mov,$9,$13,3
mov,$10,0,39
mov,$10,1,21
mov,$10,2,48
mov,$10,3,5
mov,$10,4,2
mov,$10,5,4
mov,$10,6,2
mov,$10,7,3
mov,$10,8,8
mov,$10,9,3
mov,$10,10,4
mov,$10,15,1
mov,$10,18,1
mov,$10,39,1
mov,$10,54,1
mov,$10,343,1
mov,$10,$0,244
mov,$10,$1,254
mov,$10,$2,7
mov,$10,$3,11
mov,$10,$4,8
mov,$10,$5,10
mov,$10,$6,9
mov,$10,$7,29
mov,$10,$8,7
mov,$10,$9,219
mov,$10,$11,10
mov,$10,$13,3
mov,$10,$14,1
mov,$10,$17,1
mov,$11,0,150
mov,$11,1,2
mov,$11,2,222
mov,$11,4,1
mov,$11,5,1
mov,$11,12,1
mov,$11,22,1
mov,$11,53,1
mov,$11,106,1
mov,$11,112,1
mov,$11,$0,560
mov,$11,$1,25
mov,$11,$4,3
mov,$11,$5,1
mov,$11,$7,1
mov,$11,$10,75
mov,$11,$12,7
mov,$12,0,43
mov,$12,1,1
mov,$12,2,26
mov,$12,$0,334
mov,$12,$1,135
mov,$12,$9,1
mov,$12,$11,244
mov,$12,$13,4
mov,$13,0,66
mov,$13,1,1
mov,$13,2,119
mov,$13,$0,377
mov,$13,$1,36
mov,$13,$3,1
mov,$13,$12,51
mov,$14,0,20
mov,$14,1,4
mov,$14,2,36
mov,$14,$0,330
mov,$14,$1,63
mov,$14,$13,111
mov,$15,0,29
mov,$15,2,64
mov,$15,$0,280
mov,$15,$1,20
mov,$15,$14,40
mov,$16,0,39
mov,$16,1,2
mov,$16,2,19
mov,$16,$0,265
mov,$16,$1,29
mov,$16,$15,64
mov,$17,0,14
mov,$17,2,26
mov,$17,$0,160
mov,$17,$1,39
mov,$17,$16,23
mov,$18,0,7
mov,$18,1,1
mov,$18,2,39
mov,$18,$0,180
mov,$18,$1,13
mov,$18,$17,29
mov,$19,0,14
mov,$19,2,13
mov,$19,$0,90
mov,$19,$1,7
mov,$19,$8,1
mov,$19,$18,43
mov,$20,0,12
mov,$20,2,7
mov,$20,$0,115
mov,$20,$1,13
mov,$20,$19,14
mov,$21,0,3
mov,$21,2,13
mov,$21,$0,54
mov,$21,$1,12
mov,$21,$20,7
mov,$22,0,6
mov,$22,2,12
mov,$22,$0,60
mov,$22,$1,3
mov,$22,$21,12
mov,$23,0,9
mov,$23,2,3
mov,$23,$0,36
mov,$23,$1,5
mov,$23,$22,13
mov,$24,2,5
mov,$24,$0,30
mov,$24,$1,9
mov,$24,$23,4
mov,$25,2,9
mov,$25,$0,17
mov,$25,$24,5
mov,$26,$0,22
mov,$26,$25,10
mov,$27,0,3
mov,$27,$0,25
mov,$27,$26,1
mov,$28,$0,20
mov,$28,$1,3
mov,$28,$27,2
mov,$29,2,2
mov,$29,$0,8
mov,$29,$28,13
mov,$30,0,2
mov,$30,$0,9
mov,$30,$29,11
mov,$31,0,8
mov,$31,$0,10
mov,$31,$1,2
mov,$31,$30,5
mov,$32,2,2
mov,$32,$1,8
mov,$32,$31,5
mov,$33,2,8
mov,$33,$0,4
mov,$33,$32,2
mov,$34,$0,1
mov,$34,$33,11
mov,$35,$0,9
mov,$35,$34,4
mov,$36,$35,1
mov,$37,$0,8
mov,$38,$0,2
mov,$39,$38,1
mov,$40,$0,1
mov,$40,$39,1
mov,$92,$0,1
mov,$94,$0,1
mov,$95,$0,1
mov,$97,$0,1
mov,$$0,0,2
mov,$$0,1,3
mov,$$0,2,2
mov,$$0,$0,3
mov,$$0,$2,1
mov,$$0,$$1,3
mov,$$0,$$2,1
mov,$$1,1,2
mov,$$1,3,1
mov,$$1,5,1
mov,$$1,$0,1
mov,$$1,$2,1
mov,$$1,$$0,1
mov,$$1,$$2,1
mov,$$2,1,2
mov,$$2,2,1
mov,$$2,3,1
mov,$$2,$0,1
mov,$$2,$2,4
mov,$$2,$5,1
mov,$$2,$6,1
mov,$$2,$$0,1
mov,$$2,$$4,1
mov,$$3,5,1
mov,$$3,$0,1
mov,$$3,$3,1
mov,$$3,$$0,2
mov,$$4,0,1
mov,$$4,1,1
mov,$$4,2,1
mov,$$4,$0,1
mov,$$4,$1,1
mov,$$4,$$1,1
mov,$$4,$$2,1
mov,$$5,1,1
mov,$$5,4,1
mov,$$5,$3,1
add,$0,-15,1
add,$0,-3,1
add,$0,-2,1
add,$0,-1,1
add,$0,1,3208
add,$0,2,1246
add,$0,3,715
add,$0,4,464
add,$0,5,335
add,$0,6,214
add,$0,7,155
add,$0,8,108
add,$0,9,76
add,$0,10,52
add,$0,11,39
add,$0,12,16
add,$0,13,12
add,$0,14,12
add,$0,15,36
add,$0,16,12
add,$0,17,13
add,$0,18,6
add,$0,19,3
add,$0,20,4
add,$0,21,5
add,$0,22,6
add,$0,23,4
add,$0,24,4
add,$0,25,3
add,$0,26,6
add,$0,27,2
add,$0,28,1
add,$0,29,2
add,$0,30,3
add,$0,31,2
add,$0,32,1
add,$0,33,3
add,$0,34,1
add,$0,36,1
add,$0,37,1
add,$0,39,1
add,$0,40,1
add,$0,41,1
add,$0,45,1
add,$0,48,5
add,$0,49,1
add,$0,50,1
add,$0,52,1
add,$0,56,2
add,$0,63,1
add,$0,64,1
add,$0,65,1
add,$0,67,1
add,$0,82,1
add,$0,92,1
add,$0,100,1
add,$0,106,1
add,$0,145,1
add,$0,152,1
add,$0,153,1
add,$0,170,1
add,$0,267,1
add,$0,324,1
add,$0,366,1
add,$0,392,1
add,$0,721,1
add,$0,837,1
add,$0,840,1
add,$0,1252,1
add,$0,1331,1
add,$0,1447,1
add,$0,1718,2
add,$0,2522,1
add,$0,2523,1
add,$0,3125,1
add,$0,46079,1
add,$0,1000000009,1
add,$0,$1,575
add,$0,$2,912
add,$0,$3,525
add,$0,$4,423
add,$0,$5,281
add,$0,$6,166
add,$0,$7,203
add,$0,$8,102
add,$0,$9,220
add,$0,$10,46
add,$0,$11,219
add,$0,$12,26
add,$0,$13,119
add,$0,$14,35
add,$0,$15,61
add,$0,$16,19
add,$0,$17,26
add,$0,$18,39
add,$0,$19,12
add,$0,$20,7
add,$0,$21,13
add,$0,$22,13
add,$0,$23,3
add,$0,$24,5
add,$0,$25,9
add,$0,$29,2
add,$0,$32,2
add,$0,$33,8
add,$0,$$0,1
add,$0,$$6,2
add,$1,-10,1
add,$1,-9,4
add,$1,-8,4
add,$1,-7,5
add,$1,-6,4
add,$1,-5,7
add,$1,-4,7
add,$1,-3,5
add,$1,-1,3
add,$1,1,6251
add,$1,2,1743
add,$1,3,1028
add,$1,4,723
add,$1,5,531
add,$1,6,346
add,$1,7,245
add,$1,8,161
add,$1,9,114
add,$1,10,94
add,$1,11,91
add,$1,12,68
add,$1,13,57
add,$1,14,31
add,$1,15,52
add,$1,16,59
add,$1,17,37
add,$1,18,29
add,$1,19,31
add,$1,20,30
add,$1,21,30
add,$1,22,19
add,$1,23,20
add,$1,24,33
add,$1,25,15
add,$1,26,16
add,$1,27,16
add,$1,28,10
add,$1,29,10
add,$1,30,13
add,$1,31,13
add,$1,32,15
add,$1,33,7
add,$1,34,12
add,$1,35,10
add,$1,36,17
add,$1,37,5
add,$1,38,5
add,$1,39,5
add,$1,40,8
add,$1,41,11
add,$1,42,11
add,$1,43,6
add,$1,44,3
add,$1,45,9
add,$1,46,2
add,$1,47,5
add,$1,48,6
add,$1,49,8
add,$1,50,5
add,$1,51,6
add,$1,52,1
add,$1,53,8
add,$1,54,6
add,$1,55,7
add,$1,56,6
add,$1,57,7
add,$1,58,4
add,$1,59,5
add,$1,60,8
add,$1,61,4
add,$1,62,3
add,$1,63,2
add,$1,64,6
add,$1,65,8
add,$1,66,5
add,$1,67,5
add,$1,68,3
add,$1,69,3
add,$1,70,6
add,$1,71,8
add,$1,72,8
add,$1,73,3
add,$1,74,5
add,$1,75,1
add,$1,76,1
add,$1,77,2
add,$1,78,1
add,$1,79,4
add,$1,80,5
add,$1,81,8
add,$1,82,2
add,$1,83,2
add,$1,84,5
add,$1,85,2
add,$1,86,1
add,$1,87,4
add,$1,88,3
add,$1,89,6
add,$1,90,6
add,$1,94,1
add,$1,96,7
add,$1,97,4
add,$1,98,3
add,$1,99,7
add,$1,100,13
add,$1,101,4
add,$1,103,1
add,$1,105,2
add,$1,107,2
add,$1,108,3
add,$1,109,1
add,$1,110,3
add,$1,111,4
add,$1,112,2
add,$1,113,1
add,$1,114,3
add,$1,115,1
add,$1,116,1
add,$1,117,3
add,$1,118,2
add,$1,119,3
add,$1,120,4
add,$1,121,3
add,$1,122,4
add,$1,124,1
add,$1,125,1
add,$1,126,3
add,$1,127,5
add,$1,128,2
add,$1,129,3
add,$1,130,2
add,$1,131,1
add,$1,132,6
add,$1,136,1
add,$1,138,1
add,$1,141,1
add,$1,143,2
add,$1,144,2
add,$1,145,2
add,$1,149,1
add,$1,151,1
add,$1,153,1
add,$1,156,2
add,$1,159,1
add,$1,160,3
add,$1,161,3
add,$1,162,1
add,$1,163,3
add,$1,165,1
add,$1,168,2
add,$1,170,2
add,$1,171,1
add,$1,176,1
add,$1,179,1
add,$1,180,2
add,$1,182,2
add,$1,188,1
add,$1,190,1
add,$1,191,1
add,$1,192,2
add,$1,194,1
add,$1,195,1
add,$1,197,1
add,$1,198,4
add,$1,199,2
add,$1,200,1
add,$1,201,1
add,$1,203,1
add,$1,204,4
add,$1,206,1
add,$1,209,2
add,$1,210,5
add,$1,211,1
add,$1,215,1
add,$1,216,1
add,$1,220,2
add,$1,224,1
add,$1,226,2
add,$1,227,2
add,$1,228,2
add,$1,230,1
add,$1,232,1
add,$1,233,1
add,$1,234,1
add,$1,240,3
add,$1,241,1
add,$1,243,1
add,$1,252,2
add,$1,255,1
add,$1,257,2
add,$1,258,1
add,$1,260,3
add,$1,268,3
add,$1,270,2
add,$1,272,1
add,$1,273,1
add,$1,274,1
add,$1,285,1
add,$1,286,1
add,$1,287,1
add,$1,288,1
add,$1,289,1
add,$1,290,1
add,$1,300,1
add,$1,301,1
add,$1,306,1
add,$1,309,1
add,$1,310,1
add,$1,313,1
add,$1,318,1
add,$1,319,1
add,$1,321,1
add,$1,323,1
add,$1,324,1
add,$1,325,1
add,$1,330,1
add,$1,335,1
add,$1,337,1
add,$1,339,2
add,$1,342,1
add,$1,351,1
add,$1,352,1
add,$1,353,1
add,$1,360,3
add,$1,362,2
add,$1,364,1
add,$1,365,6
add,$1,366,1
add,$1,367,1
add,$1,373,1
add,$1,378,1
add,$1,380,1
add,$1,386,1
add,$1,391,1
add,$1,397,1
add,$1,399,1
add,$1,401,1
add,$1,402,1
add,$1,408,1
add,$1,409,1
add,$1,420,2
add,$1,423,1
add,$1,426,1
add,$1,428,1
add,$1,429,1
add,$1,436,1
add,$1,440,1
add,$1,442,1
add,$1,450,2
add,$1,454,1
add,$1,455,1
add,$1,459,1
add,$1,461,2
add,$1,462,2
add,$1,472,1
add,$1,473,1
add,$1,483,1
add,$1,485,3
add,$1,486,1
add,$1,495,1
add,$1,496,1
add,$1,500,1
add,$1,504,2
add,$1,506,1
add,$1,511,2
add,$1,521,1
add,$1,522,1
add,$1,528,3
add,$1,530,2
add,$1,531,1
add,$1,552,1
add,$1,561,1
add,$1,575,1
add,$1,577,3
add,$1,578,1
add,$1,580,1
add,$1,584,1
add,$1,587,1
add,$1,591,1
add,$1,593,1
add,$1,600,1
add,$1,624,1
add,$1,626,1
add,$1,627,2
add,$1,636,1
add,$1,639,1
add,$1,640,1
add,$1,644,1
add,$1,648,1
add,$1,650,2
add,$1,672,1
add,$1,675,1
add,$1,677,1
add,$1,678,1
add,$1,696,1
add,$1,700,1
add,$1,702,2
add,$1,715,1
add,$1,719,1
add,$1,721,2
add,$1,728,1
add,$1,729,1
add,$1,730,1
add,$1,731,1
add,$1,734,1
add,$1,736,1
add,$1,749,1
add,$1,754,1
add,$1,756,2
add,$1,783,1
add,$1,812,1
add,$1,840,1
add,$1,842,2
add,$1,843,2
add,$1,870,1
add,$1,889,1
add,$1,899,1
add,$1,901,1
add,$1,902,1
add,$1,930,1
add,$1,945,1
add,$1,960,1
add,$1,962,1
add,$1,963,1
add,$1,966,1
add,$1,968,1
add,$1,980,1
add,$1,985,1
add,$1,992,1
add,$1,999,1
add,$1,1000,1
add,$1,1001,1
add,$1,1009,1
add,$1,1010,1
add,$1,1018,1
add,$1,1020,1
add,$1,1021,1
add,$1,1022,1
add,$1,1023,1
add,$1,1029,1
add,$1,1056,1
add,$1,1071,1
add,$1,1111,1
add,$1,1122,2
add,$1,1123,1
add,$1,1151,1
add,$1,1176,1
add,$1,1190,1
add,$1,1216,1
add,$1,1252,1
add,$1,1260,1
add,$1,1320,1
add,$1,1332,1
add,$1,1337,1
add,$1,1351,1
add,$1,1364,1
add,$1,1392,1
add,$1,1406,1
add,$1,1430,1
add,$1,1433,1
add,$1,1440,1
add,$1,1451,1
add,$1,1476,1
add,$1,1482,1
add,$1,1520,1
add,$1,1560,2
add,$1,1640,1
add,$1,1670,1
add,$1,1697,1
add,$1,1704,1
add,$1,1718,1
add,$1,1728,1
add,$1,1729,1
add,$1,1752,1
add,$1,1799,1
add,$1,1800,1
add,$1,1820,1
add,$1,1901,1
add,$1,1921,1
add,$1,1926,1
add,$1,1960,1
add,$1,1980,1
add,$1,2037,1
add,$1,2076,1
add,$1,2105,1
add,$1,2113,1
add,$1,2127,1
add,$1,2177,1
add,$1,2186,1
add,$1,2206,1
add,$1,2210,1
add,$1,2211,1
add,$1,2328,1
add,$1,2430,1
add,$1,2448,1
add,$1,2468,1
add,$1,2519,1
add,$1,2523,1
add,$1,2574,1
add,$1,2640,1
add,$1,2684,1
add,$1,2747,1
add,$1,2868,1
add,$1,3018,1
add,$1,3027,1
add,$1,3272,1
add,$1,3390,1
add,$1,3549,1
add,$1,3588,1
add,$1,3600,1
add,$1,3716,1
add,$1,3969,1
add,$1,4096,1
add,$1,4102,1
add,$1,4112,1
add,$1,4156,1
add,$1,4399,1
add,$1,4480,1
add,$1,4607,1
add,$1,4760,1
add,$1,4801,2
add,$1,4999,1
add,$1,5041,1
add,$1,5201,1
add,$1,5777,1
add,$1,5967,1
add,$1,6040,1
add,$1,6049,1
add,$1,6643,1
add,$1,6847,1
add,$1,7901,1
add,$1,7960,1
add,$1,8040,1
add,$1,8190,1
add,$1,8274,1
add,$1,8579,1
add,$1,8736,1
add,$1,9100,1
add,$1,9332,1
add,$1,9349,1
add,$1,9801,1
add,$1,9977,1
add,$1,10007,1
add,$1,10081,1
add,$1,10099,1
add,$1,10100,2
add,$1,10234,1
add,$1,10248,1
add,$1,10405,1
add,$1,10657,1
add,$1,12799,1
add,$1,13068,1
add,$1,13121,1
add,$1,13716,1
add,$1,13790,1
add,$1,14763,1
add,$1,15126,1
add,$1,15137,1
add,$1,15621,1
add,$1,15684,1
add,$1,17152,1
add,$1,17157,1
add,$1,18480,1
add,$1,18564,1
add,$1,19603,1
add,$1,20735,1
add,$1,22150,1
add,$1,24335,1
add,$1,27723,1
add,$1,28799,1
add,$1,29767,1
add,$1,30996,1
add,$1,33272,1
add,$1,43690,1
add,$1,45601,1
add,$1,48736,1
add,$1,50851,1
add,$1,53000,1
add,$1,53089,1
add,$1,59783,1
add,$1,65791,1
add,$1,66249,1
add,$1,77617,1
add,$1,79201,1
add,$1,80801,1
add,$1,100000,1
add,$1,101010,1
add,$1,106846,1
add,$1,107760,1
add,$1,111111,1
add,$1,116820,1
add,$1,120097,1
add,$1,142857,1
add,$1,157115,1
add,$1,160378,1
add,$1,162388,1
add,$1,218295,1
add,$1,244754,1
add,$1,250561,1
add,$1,258065,1
add,$1,262144,1
add,$1,263514,1
add,$1,266300,1
add,$1,276240,1
add,$1,373503,1
add,$1,384240,1
add,$1,387199,1
add,$1,390727,1
add,$1,392499,1
add,$1,500001,1
add,$1,519420,1
add,$1,538084,1
add,$1,612180,1
add,$1,728820,1
add,$1,729180,1
add,$1,762765,1
add,$1,840700,1
add,$1,963742,1
add,$1,1010099,1
add,$1,1052688,1
add,$1,1343760,1
add,$1,1727760,1
add,$1,1728240,1
add,$1,1786324,1
add,$1,2130424,1
add,$1,2480911,1
add,$1,2515920,1
add,$1,3006865,1
add,$1,3661529,1
add,$1,4842752,1
add,$1,4855534,1
add,$1,6468330,1
add,$1,6988080,1
add,$1,7523267,1
add,$1,7568145,1
add,$1,7629217,1
add,$1,8388585,1
add,$1,8983920,1
add,$1,8984580,1
add,$1,9454129,1
add,$1,10101008,1
add,$1,11441476,1
add,$1,12345679,1
add,$1,16780890,1
add,$1,16843008,1
add,$1,$0,2307
add,$1,$2,3366
add,$1,$3,1839
add,$1,$4,999
add,$1,$5,704
add,$1,$6,314
add,$1,$7,199
add,$1,$8,196
add,$1,$9,40
add,$1,$10,25
add,$1,$11,29
add,$1,$12,24
add,$1,$13,23
add,$1,$14,4
add,$1,$15,1
add,$1,$16,5
add,$1,$17,2
add,$1,$18,2
add,$1,$19,2
add,$1,$20,2
add,$1,$24,1
add,$1,$27,1
add,$1,$29,4
add,$1,$30,9
add,$1,$32,5
add,$1,$35,3
add,$1,$36,1
add,$1,$40,1
add,$1,$$0,4
add,$1,$$1,1
add,$1,$$2,3
add,$1,$$3,2
add,$1,$$4,2
add,$2,-6,1
add,$2,-1,1
add,$2,1,1837
add,$2,2,769
add,$2,3,434
add,$2,4,359
add,$2,5,253
add,$2,6,187
add,$2,7,85
add,$2,8,55
add,$2,9,29
add,$2,10,24
add,$2,11,11
add,$2,12,14
add,$2,13,8
add,$2,14,5
add,$2,15,4
add,$2,16,4
add,$2,17,3
add,$2,18,3
add,$2,19,4
add,$2,20,6
add,$2,22,1
add,$2,23,2
add,$2,24,3
add,$2,26,1
add,$2,27,3
add,$2,28,3
add,$2,29,3
add,$2,30,3
add,$2,31,1
add,$2,32,1
add,$2,33,2
add,$2,34,2
add,$2,35,2
add,$2,36,1
add,$2,37,1
add,$2,38,1
add,$2,39,2
add,$2,40,5
add,$2,42,4
add,$2,43,1
add,$2,44,1
add,$2,45,1
add,$2,46,2
add,$2,47,1
add,$2,48,1
add,$2,65,1
add,$2,66,1
add,$2,81,1
add,$2,83,1
add,$2,87,1
add,$2,90,1
add,$2,108,1
add,$2,125,2
add,$2,132,1
add,$2,256,1
add,$2,470,1
add,$2,509,2
add,$2,511,3
add,$2,576,1
add,$2,1032,1
add,$2,1170,1
add,$2,2520,1
add,$2,362880,2
add,$2,1728000,1
add,$2,$0,1229
add,$2,$1,1245
add,$2,$3,1146
add,$2,$4,474
add,$2,$5,187
add,$2,$6,90
add,$2,$7,42
add,$2,$8,12
add,$2,$9,5
add,$2,$10,2
add,$2,$$0,1
add,$2,$$1,2
add,$3,1,1417
add,$3,2,601
add,$3,3,364
add,$3,4,294
add,$3,5,184
add,$3,6,148
add,$3,7,56
add,$3,8,55
add,$3,9,23
add,$3,10,16
add,$3,11,15
add,$3,12,5
add,$3,13,1
add,$3,14,6
add,$3,15,3
add,$3,16,7
add,$3,17,2
add,$3,18,24
add,$3,19,1
add,$3,20,2
add,$3,21,4
add,$3,22,2
add,$3,23,3
add,$3,24,2
add,$3,25,3
add,$3,26,1
add,$3,27,1
add,$3,28,1
add,$3,29,1
add,$3,33,2
add,$3,34,1
add,$3,36,1
add,$3,40,1
add,$3,42,4
add,$3,48,1
add,$3,49,1
add,$3,50,1
add,$3,55,2
add,$3,72,2
add,$3,81,4
add,$3,89,1
add,$3,100,1
add,$3,120,2
add,$3,121,1
add,$3,122,1
add,$3,172,1
add,$3,512,1
add,$3,588,1
add,$3,720,1
add,$3,1001,1
add,$3,10001,1
add,$3,142857,2
add,$3,362880,1
add,$3,$0,767
add,$3,$1,886
add,$3,$2,1197
add,$3,$4,560
add,$3,$5,216
add,$3,$6,91
add,$3,$7,40
add,$3,$8,24
add,$3,$9,9
add,$3,$10,4
add,$3,$$0,1
add,$4,1,826
add,$4,2,306
add,$4,3,165
add,$4,4,158
add,$4,5,140
add,$4,6,80
add,$4,7,49
add,$4,8,37
add,$4,9,18
add,$4,10,10
add,$4,11,3
add,$4,12,4
add,$4,13,2
add,$4,14,2
add,$4,15,4
add,$4,16,7
add,$4,17,3
add,$4,18,5
add,$4,19,1
add,$4,20,3
add,$4,23,1
add,$4,24,1
add,$4,26,1
add,$4,30,1
add,$4,35,1
add,$4,36,7
add,$4,43,1
add,$4,45,2
add,$4,56,1
add,$4,59,1
add,$4,60,1
add,$4,72,1
add,$4,88,1
add,$4,151,1
add,$4,259,1
add,$4,264,1
add,$4,362,1
add,$4,6988080,1
add,$4,$0,471
add,$4,$1,520
add,$4,$2,680
add,$4,$3,556
add,$4,$5,485
add,$4,$6,134
add,$4,$7,45
add,$4,$8,19
add,$4,$9,6
add,$4,$10,6
add,$5,1,449
add,$5,2,179
add,$5,3,102
add,$5,4,83
add,$5,5,85
add,$5,6,54
add,$5,7,23
add,$5,8,29
add,$5,9,13
add,$5,10,3
add,$5,11,2
add,$5,12,5
add,$5,13,1
add,$5,14,2
add,$5,16,2
add,$5,17,1
add,$5,19,1
add,$5,20,1
add,$5,23,1
add,$5,24,1
add,$5,25,1
add,$5,27,1
add,$5,28,1
add,$5,29,1
add,$5,36,1
add,$5,38,1
add,$5,51,1
add,$5,75,1
add,$5,93,1
add,$5,125,1
add,$5,144,1
add,$5,$0,220
add,$5,$1,316
add,$5,$2,226
add,$5,$3,220
add,$5,$4,328
add,$5,$6,160
add,$5,$7,41
add,$5,$8,25
add,$5,$9,7
add,$5,$10,2
add,$5,$$1,1
add,$6,1,313
add,$6,2,127
add,$6,3,57
add,$6,4,47
add,$6,5,33
add,$6,6,24
add,$6,7,14
add,$6,8,12
add,$6,9,3
add,$6,10,10
add,$6,11,2
add,$6,12,1
add,$6,14,4
add,$6,16,2
add,$6,18,1
add,$6,19,1
add,$6,21,1
add,$6,22,2
add,$6,24,1
add,$6,29,2
add,$6,30,1
add,$6,31,1
add,$6,41,1
add,$6,45,1
add,$6,50,1
add,$6,72,1
add,$6,84,1
add,$6,105,1
add,$6,592,1
add,$6,648,1
add,$6,$0,158
add,$6,$1,283
add,$6,$2,98
add,$6,$3,76
add,$6,$4,94
add,$6,$5,104
add,$6,$7,34
add,$6,$8,101
add,$6,$9,8
add,$6,$10,3
add,$7,1,164
add,$7,2,46
add,$7,3,18
add,$7,4,13
add,$7,5,12
add,$7,6,14
add,$7,7,10
add,$7,8,4
add,$7,9,2
add,$7,10,2
add,$7,11,2
add,$7,20,1
add,$7,22,2
add,$7,95,1
add,$7,174,1
add,$7,$0,52
add,$7,$1,131
add,$7,$2,21
add,$7,$3,28
add,$7,$4,39
add,$7,$5,29
add,$7,$6,53
add,$7,$8,23
add,$7,$9,7
add,$7,$10,4
add,$7,$13,1
add,$7,$$4,1
add,$8,1,71
add,$8,2,23
add,$8,3,13
add,$8,4,18
add,$8,5,6
add,$8,6,8
add,$8,7,8
add,$8,8,4
add,$8,9,3
add,$8,10,1
add,$8,11,2
add,$8,144,1
add,$8,$0,46
add,$8,$1,253
add,$8,$2,8
add,$8,$3,21
add,$8,$4,17
add,$8,$5,19
add,$8,$6,17
add,$8,$7,53
add,$8,$9,6
add,$8,$10,5
add,$9,1,121
add,$9,2,4
add,$9,3,11
add,$9,4,1
add,$9,5,2
add,$9,6,1
add,$9,7,3
add,$9,8,2
add,$9,9,2
add,$9,10,2
add,$9,31,3
add,$9,$0,8
add,$9,$1,51
add,$9,$2,8
add,$9,$3,4
add,$9,$4,8
add,$9,$5,7
add,$9,$6,2
add,$9,$7,5
add,$9,$8,60
add,$9,$10,2
add,$10,1,37
add,$10,2,1
add,$10,3,2
add,$10,4,6
add,$10,6,1
add,$10,7,1
add,$10,13,1
add,$10,$0,4
add,$10,$1,246
add,$10,$2,3
add,$10,$3,5
add,$10,$4,3
add,$10,$5,3
add,$10,$6,2
add,$10,$7,3
add,$10,$8,2
add,$10,$9,9
add,$11,1,142
add,$11,$1,92
add,$11,$10,1
add,$12,1,64
add,$12,$1,159
add,$13,1,104
add,$13,2,1
add,$13,$1,184
add,$14,1,122
add,$14,$1,147
add,$15,1,108
add,$15,$1,121
add,$16,1,79
add,$16,$1,98
add,$17,1,61
add,$17,$1,112
add,$18,1,91
add,$18,$1,44
add,$19,1,30
add,$19,$1,67
add,$20,1,42
add,$20,$1,36
add,$21,1,26
add,$21,$1,36
add,$22,1,20
add,$22,$1,14
add,$23,1,8
add,$23,$1,16
add,$24,1,10
add,$24,$1,12
add,$25,1,10
add,$25,$1,13
add,$26,1,12
add,$26,$1,14
add,$27,1,14
add,$27,$1,9
add,$28,1,7
add,$28,$1,6
add,$29,1,5
add,$29,2,1
add,$29,$1,2
add,$30,1,1
add,$30,$1,2
add,$31,1,1
add,$34,$1,1
add,$36,$1,8
add,$37,1,3
add,$39,$1,1
add,$40,1,1
add,$93,$1,1
add,$94,1,1
add,$96,$1,1
add,$97,1,1
add,$$0,1,7
add,$$0,2,1
add,$$0,3,1
add,$$0,4,3
add,$$0,5,1
add,$$0,6,1
add,$$0,$0,6
add,$$0,$1,1
add,$$0,$2,1
add,$$0,$$0,3
add,$$0,$$5,1
add,$$1,1,7
add,$$1,2,2
add,$$1,3,3
add,$$1,$0,2
add,$$1,$2,1
add,$$1,$4,1
add,$$1,$$1,1
add,$$1,$$3,1
add,$$2,1,1
add,$$2,2,2
add,$$2,$1,1
add,$$2,$2,2
add,$$2,$$0,2
add,$$3,1,1
add,$$3,2,1
add,$$3,3,2
add,$$3,5,1
add,$$3,6,1
add,$$3,$0,1
add,$$3,$1,1
add,$$3,$$1,2
add,$$3,$$2,1
add,$$3,$$4,1
add,$$4,2,1
add,$$4,3,1
add,$$4,4,1
add,$$4,$0,1
add,$$4,$1,2
add,$$4,$$0,1
add,$$4,$$1,2
add,$$4,$$2,1
add,$$5,1,2
add,$$5,3,1
add,$$5,$0,2
sub,$0,-8,1
sub,$0,-5,9
sub,$0,-3,1
sub,$0,-2,4
sub,$0,-1,1
sub,$0,1,7837
sub,$0,2,531
sub,$0,3,290
sub,$0,4,160
sub,$0,5,118
sub,$0,6,92
sub,$0,7,48
sub,$0,8,41
sub,$0,9,16
sub,$0,10,13
sub,$0,11,10
sub,$0,12,7
sub,$0,13,3
sub,$0,14,3
sub,$0,15,2
sub,$0,16,5
sub,$0,17,2
sub,$0,18,2
sub,$0,19,6
sub,$0,20,2
sub,$0,21,2
sub,$0,22,2
sub,$0,23,2
sub,$0,24,2
sub,$0,25,5
sub,$0,26,1
sub,$0,27,3
sub,$0,28,2
sub,$0,29,1
sub,$0,30,1
sub,$0,31,1
sub,$0,32,2
sub,$0,33,2
sub,$0,34,2
sub,$0,35,1
sub,$0,36,1
sub,$0,37,1
sub,$0,38,1
sub,$0,39,1
sub,$0,40,1
sub,$0,50,1
sub,$0,112,1
sub,$0,202,1
sub,$0,304,2
sub,$0,800,3
sub,$0,1364,3
sub,$0,2566,1
sub,$0,$0,146
sub,$0,$1,346
sub,$0,$2,806
sub,$0,$3,489
sub,$0,$4,316
sub,$0,$5,206
sub,$0,$6,103
sub,$0,$7,118
sub,$0,$8,37
sub,$0,$9,161
sub,$0,$10,39
sub,$0,$11,208
sub,$0,$12,94
sub,$0,$13,151
sub,$0,$14,184
sub,$0,$15,141
sub,$0,$16,120
sub,$0,$17,90
sub,$0,$18,107
sub,$0,$19,42
sub,$0,$20,67
sub,$0,$21,37
sub,$0,$22,37
sub,$0,$23,14
sub,$0,$24,17
sub,$0,$25,12
sub,$0,$26,13
sub,$0,$27,14
sub,$0,$28,9
sub,$0,$29,6
sub,$0,$30,2
sub,$0,$31,2
sub,$0,$35,1
sub,$0,$37,8
sub,$0,$40,1
sub,$0,$94,1
sub,$0,$97,1
sub,$0,$$0,2
sub,$0,$$2,1
sub,$0,$$4,1
sub,$1,-2,1
sub,$1,1,1866
sub,$1,2,1019
sub,$1,3,566
sub,$1,4,443
sub,$1,5,298
sub,$1,6,255
sub,$1,7,152
sub,$1,8,171
sub,$1,9,98
sub,$1,10,94
sub,$1,11,42
sub,$1,12,61
sub,$1,13,53
sub,$1,14,42
sub,$1,15,43
sub,$1,16,47
sub,$1,17,26
sub,$1,18,25
sub,$1,19,26
sub,$1,20,37
sub,$1,21,16
sub,$1,22,18
sub,$1,23,13
sub,$1,24,35
sub,$1,25,20
sub,$1,26,17
sub,$1,27,20
sub,$1,28,18
sub,$1,29,3
sub,$1,30,15
sub,$1,31,4
sub,$1,32,10
sub,$1,33,3
sub,$1,34,11
sub,$1,35,12
sub,$1,36,15
sub,$1,37,6
sub,$1,38,6
sub,$1,39,7
sub,$1,40,10
sub,$1,41,3
sub,$1,42,5
sub,$1,43,2
sub,$1,44,6
sub,$1,45,6
sub,$1,46,5
sub,$1,47,9
sub,$1,48,5
sub,$1,49,2
sub,$1,50,8
sub,$1,51,4
sub,$1,52,1
sub,$1,53,1
sub,$1,54,1
sub,$1,55,1
sub,$1,56,5
sub,$1,57,1
sub,$1,58,3
sub,$1,59,7
sub,$1,60,6
sub,$1,61,5
sub,$1,62,3
sub,$1,63,6
sub,$1,64,9
sub,$1,65,3
sub,$1,66,3
sub,$1,67,3
sub,$1,68,2
sub,$1,69,4
sub,$1,70,5
sub,$1,71,2
sub,$1,72,5
sub,$1,73,2
sub,$1,74,2
sub,$1,75,1
sub,$1,77,1
sub,$1,78,1
sub,$1,79,5
sub,$1,80,4
sub,$1,81,1
sub,$1,82,3
sub,$1,83,2
sub,$1,84,2
sub,$1,85,1
sub,$1,86,1
sub,$1,87,1
sub,$1,89,3
sub,$1,90,4
sub,$1,91,2
sub,$1,92,2
sub,$1,93,1
sub,$1,95,3
sub,$1,96,3
sub,$1,97,6
sub,$1,98,17
sub,$1,99,2
sub,$1,100,3
sub,$1,101,1
sub,$1,103,1
sub,$1,104,2
sub,$1,105,3
sub,$1,108,4
sub,$1,109,2
sub,$1,110,3
sub,$1,111,1
sub,$1,114,1
sub,$1,115,1
sub,$1,117,1
sub,$1,118,2
sub,$1,120,5
sub,$1,121,5
sub,$1,122,2
sub,$1,123,2
sub,$1,127,1
sub,$1,128,5
sub,$1,129,1
sub,$1,130,2
sub,$1,131,1
sub,$1,132,1
sub,$1,133,1
sub,$1,135,2
sub,$1,141,2
sub,$1,143,1
sub,$1,144,2
sub,$1,145,1
sub,$1,147,1
sub,$1,150,1
sub,$1,153,2
sub,$1,157,1
sub,$1,160,1
sub,$1,161,1
sub,$1,162,2
sub,$1,164,2
sub,$1,168,2
sub,$1,169,7
sub,$1,172,1
sub,$1,174,1
sub,$1,179,2
sub,$1,185,1
sub,$1,186,1
sub,$1,189,2
sub,$1,190,7
sub,$1,194,1
sub,$1,196,23
sub,$1,199,1
sub,$1,200,1
sub,$1,201,2
sub,$1,203,2
sub,$1,204,5
sub,$1,207,2
sub,$1,210,2
sub,$1,212,2
sub,$1,218,3
sub,$1,220,1
sub,$1,223,1
sub,$1,225,2
sub,$1,227,1
sub,$1,228,1
sub,$1,232,2
sub,$1,234,1
sub,$1,235,1
sub,$1,237,1
sub,$1,241,1
sub,$1,243,1
sub,$1,244,1
sub,$1,250,1
sub,$1,254,1
sub,$1,256,2
sub,$1,257,1
sub,$1,258,1
sub,$1,259,1
sub,$1,260,1
sub,$1,261,1
sub,$1,265,1
sub,$1,268,2
sub,$1,269,1
sub,$1,271,1
sub,$1,274,1
sub,$1,289,2
sub,$1,290,3
sub,$1,298,1
sub,$1,300,1
sub,$1,301,1
sub,$1,310,1
sub,$1,315,1
sub,$1,324,1
sub,$1,333,1
sub,$1,335,1
sub,$1,338,2
sub,$1,339,1
sub,$1,340,1
sub,$1,342,1
sub,$1,355,1
sub,$1,361,3
sub,$1,363,2
sub,$1,364,1
sub,$1,366,1
sub,$1,413,1
sub,$1,423,1
sub,$1,431,1
sub,$1,432,3
sub,$1,433,1
sub,$1,434,2
sub,$1,445,1
sub,$1,450,1
sub,$1,465,1
sub,$1,468,1
sub,$1,486,1
sub,$1,490,2
sub,$1,498,1
sub,$1,504,1
sub,$1,505,1
sub,$1,507,1
sub,$1,512,1
sub,$1,523,1
sub,$1,544,2
sub,$1,568,1
sub,$1,576,2
sub,$1,588,1
sub,$1,620,1
sub,$1,625,1
sub,$1,627,1
sub,$1,630,3
sub,$1,642,1
sub,$1,646,1
sub,$1,648,2
sub,$1,658,1
sub,$1,696,1
sub,$1,709,1
sub,$1,720,1
sub,$1,721,1
sub,$1,723,1
sub,$1,729,1
sub,$1,747,1
sub,$1,769,1
sub,$1,770,1
sub,$1,784,1
sub,$1,810,3
sub,$1,837,1
sub,$1,858,1
sub,$1,859,1
sub,$1,867,1
sub,$1,876,1
sub,$1,890,1
sub,$1,900,1
sub,$1,961,1
sub,$1,963,2
sub,$1,978,1
sub,$1,1008,1
sub,$1,1026,1
sub,$1,1050,1
sub,$1,1149,2
sub,$1,1156,1
sub,$1,1160,1
sub,$1,1170,1
sub,$1,1280,2
sub,$1,1286,1
sub,$1,1296,1
sub,$1,1318,1
sub,$1,1446,2
sub,$1,1606,1
sub,$1,1652,1
sub,$1,1826,1
sub,$1,1928,1
sub,$1,2002,2
sub,$1,2015,1
sub,$1,2025,1
sub,$1,2242,1
sub,$1,2401,1
sub,$1,2411,1
sub,$1,2523,1
sub,$1,2594,1
sub,$1,3403,1
sub,$1,3404,1
sub,$1,3597,1
sub,$1,3688,1
sub,$1,3810,1
sub,$1,4102,1
sub,$1,4684,1
sub,$1,4950,1
sub,$1,5217,1
sub,$1,5766,1
sub,$1,5768,1
sub,$1,6048,1
sub,$1,6144,1
sub,$1,6250,1
sub,$1,7210,1
sub,$1,7442,1
sub,$1,8619,1
sub,$1,9612,1
sub,$1,10000,1
sub,$1,10404,1
sub,$1,12300,1
sub,$1,13612,1
sub,$1,14641,1
sub,$1,16387,1
sub,$1,18622,1
sub,$1,19008,1
sub,$1,19693,1
sub,$1,32760,1
sub,$1,32764,1
sub,$1,33000,1
sub,$1,40244,1
sub,$1,40319,1
sub,$1,46064,1
sub,$1,57600,1
sub,$1,62209,1
sub,$1,91521,1
sub,$1,142858,2
sub,$1,232882,1
sub,$1,235236,1
sub,$1,236207,1
sub,$1,332940,1
sub,$1,352836,1
sub,$1,360000,1
sub,$1,362880,1
sub,$1,362881,1
sub,$1,458340,1
sub,$1,459695,1
sub,$1,524292,1
sub,$1,531441,1
sub,$1,708964,1
sub,$1,811801,1
sub,$1,813604,1
sub,$1,925444,1
sub,$1,982945,1
sub,$1,1345599,1
sub,$1,1679624,1
sub,$1,1728001,1
sub,$1,8388607,1
sub,$1,17968487,1
sub,$1,31457279,1
sub,$1,33555002,1
sub,$1,479001607,1
sub,$1,1375001162,1
sub,$1,$0,763
sub,$1,$1,86
sub,$1,$2,493
sub,$1,$3,322
sub,$1,$4,151
sub,$1,$5,61
sub,$1,$6,27
sub,$1,$7,15
sub,$1,$8,5
sub,$1,$9,1
sub,$1,$$0,3
sub,$1,$$3,1
sub,$2,-1,1
sub,$2,1,3133
sub,$2,2,295
sub,$2,3,142
sub,$2,4,112
sub,$2,5,72
sub,$2,6,48
sub,$2,7,24
sub,$2,8,25
sub,$2,9,15
sub,$2,10,3
sub,$2,11,2
sub,$2,13,3
sub,$2,16,2
sub,$2,26,1
sub,$2,29,1
sub,$2,31,1
sub,$2,35,1
sub,$2,44,2
sub,$2,48,1
sub,$2,52,2
sub,$2,53,1
sub,$2,56,1
sub,$2,73,1
sub,$2,121,1
sub,$2,1023,1
sub,$2,1800,1
sub,$2,57600,1
sub,$2,$0,390
sub,$2,$1,291
sub,$2,$2,98
sub,$2,$3,306
sub,$2,$4,127
sub,$2,$5,64
sub,$2,$6,23
sub,$2,$7,15
sub,$2,$8,8
sub,$2,$9,3
sub,$2,$10,2
sub,$2,$$5,1
sub,$3,-6,9
sub,$3,1,1498
sub,$3,2,222
sub,$3,3,146
sub,$3,4,83
sub,$3,5,46
sub,$3,6,36
sub,$3,7,14
sub,$3,8,15
sub,$3,9,11
sub,$3,10,4
sub,$3,15,1
sub,$3,17,1
sub,$3,21,1
sub,$3,24,9
sub,$3,25,2
sub,$3,40,1
sub,$3,78,1
sub,$3,968,1
sub,$3,120259084288,1
sub,$3,$0,197
sub,$3,$1,166
sub,$3,$2,264
sub,$3,$3,71
sub,$3,$4,134
sub,$3,$5,50
sub,$3,$6,30
sub,$3,$7,11
sub,$3,$8,6
sub,$3,$9,2
sub,$4,1,939
sub,$4,2,125
sub,$4,3,68
sub,$4,4,61
sub,$4,5,24
sub,$4,6,23
sub,$4,7,10
sub,$4,8,12
sub,$4,9,5
sub,$4,10,3
sub,$4,11,1
sub,$4,12,2
sub,$4,13,1
sub,$4,14,2
sub,$4,18,1
sub,$4,45,1
sub,$4,896,1
sub,$4,$0,157
sub,$4,$1,218
sub,$4,$2,163
sub,$4,$3,252
sub,$4,$4,93
sub,$4,$5,66
sub,$4,$6,31
sub,$4,$7,16
sub,$4,$8,9
sub,$4,$9,5
sub,$4,$10,1
sub,$4,$$1,1
sub,$5,-3,1
sub,$5,1,741
sub,$5,2,43
sub,$5,3,33
sub,$5,4,30
sub,$5,5,18
sub,$5,6,9
sub,$5,7,4
sub,$5,8,7
sub,$5,9,2
sub,$5,12,1
sub,$5,16,1
sub,$5,37,1
sub,$5,56,1
sub,$5,68,1
sub,$5,$0,67
sub,$5,$1,96
sub,$5,$2,65
sub,$5,$3,115
sub,$5,$4,79
sub,$5,$5,42
sub,$5,$6,34
sub,$5,$7,19
sub,$5,$8,7
sub,$5,$9,7
sub,$5,$10,3
sub,$6,1,571
sub,$6,2,41
sub,$6,3,27
sub,$6,4,15
sub,$6,5,21
sub,$6,6,16
sub,$6,7,3
sub,$6,8,3
sub,$6,9,3
sub,$6,24,1
sub,$6,60,2
sub,$6,$0,25
sub,$6,$1,185
sub,$6,$2,26
sub,$6,$3,57
sub,$6,$4,33
sub,$6,$5,22
sub,$6,$6,25
sub,$6,$7,15
sub,$6,$8,16
sub,$6,$10,1
sub,$7,1,447
sub,$7,2,18
sub,$7,3,2
sub,$7,4,3
sub,$7,5,9
sub,$7,6,4
sub,$7,7,5
sub,$7,8,2
sub,$7,9,1
sub,$7,12,1
sub,$7,92,2
sub,$7,$0,12
sub,$7,$1,68
sub,$7,$2,4
sub,$7,$3,7
sub,$7,$4,10
sub,$7,$5,5
sub,$7,$6,4
sub,$7,$7,3
sub,$7,$8,5
sub,$7,$9,2
sub,$8,1,283
sub,$8,2,14
sub,$8,3,5
sub,$8,4,3
sub,$8,5,3
sub,$8,6,2
sub,$8,7,1
sub,$8,8,5
sub,$8,9,1
sub,$8,10,1
sub,$8,13,2
sub,$8,17,1
sub,$8,$0,15
sub,$8,$1,242
sub,$8,$2,3
sub,$8,$3,7
sub,$8,$4,13
sub,$8,$5,8
sub,$8,$6,5
sub,$8,$7,14
sub,$8,$8,5
sub,$8,$10,1
sub,$9,1,443
sub,$9,2,2
sub,$9,3,1
sub,$9,4,3
sub,$9,5,1
sub,$9,6,1
sub,$9,$0,1
sub,$9,$1,49
sub,$9,$3,3
sub,$9,$4,3
sub,$9,$5,6
sub,$9,$7,1
sub,$9,$8,2
sub,$9,$9,1
sub,$9,$10,2
sub,$10,1,280
sub,$10,2,1
sub,$10,3,1
sub,$10,5,1
sub,$10,10,1
sub,$10,$0,1
sub,$10,$1,249
sub,$10,$4,1
sub,$10,$6,1
sub,$10,$10,2
sub,$11,1,470
sub,$11,$1,25
sub,$12,1,320
sub,$12,2,3
sub,$12,$1,134
sub,$13,1,294
sub,$13,$1,34
sub,$14,1,328
sub,$14,4,1
sub,$14,$1,63
sub,$15,1,235
sub,$15,$1,20
sub,$16,1,197
sub,$16,$1,29
sub,$17,1,135
sub,$17,$1,39
sub,$18,1,169
sub,$18,$1,12
sub,$19,1,94
sub,$19,$1,7
sub,$20,1,85
sub,$20,$1,12
sub,$21,1,54
sub,$21,$1,12
sub,$22,1,60
sub,$22,$1,3
sub,$23,1,28
sub,$23,$1,5
sub,$24,1,24
sub,$24,$1,9
sub,$25,1,26
sub,$26,1,22
sub,$27,1,14
sub,$28,1,9
sub,$28,$1,3
sub,$29,1,8
sub,$30,1,4
sub,$31,1,2
sub,$31,$1,2
sub,$32,1,2
sub,$32,$1,8
sub,$33,1,10
sub,$34,1,8
sub,$35,1,1
sub,$37,1,8
sub,$40,1,1
sub,$94,1,1
sub,$97,1,1
sub,$$0,4,1
sub,$$0,$0,1
sub,$$0,$$2,1
sub,$$1,1,1
sub,$$2,1,1
sub,$$2,3,1
sub,$$2,$0,1
sub,$$2,$1,1
sub,$$2,$$2,1
sub,$$2,$$4,1
sub,$$3,1,1
sub,$$3,2,1
sub,$$4,3,2
sub,$$4,$2,1
sub,$$4,$$1,1
sub,$$5,1,1
sub,$$5,$1,1
sub,$$5,$$4,1
trn,$0,0,2
trn,$0,1,948
trn,$0,2,475
trn,$0,3,299
trn,$0,4,196
trn,$0,5,99
trn,$0,6,79
trn,$0,7,40
trn,$0,8,35
trn,$0,9,16
trn,$0,10,18
trn,$0,11,17
trn,$0,12,6
trn,$0,13,3
trn,$0,14,1
trn,$0,15,3
trn,$0,17,1
trn,$0,19,1
trn,$0,20,1
trn,$0,22,1
trn,$0,29,1
trn,$0,33,4
trn,$0,35,1
trn,$0,37,1
trn,$0,46,4
trn,$0,4860,1
trn,$0,$1,245
trn,$0,$2,375
trn,$0,$3,211
trn,$0,$4,81
trn,$0,$5,43
trn,$0,$6,24
trn,$0,$7,6
trn,$0,$8,6
trn,$0,$9,3
trn,$0,$10,1
trn,$0,$11,1
trn,$0,$12,1
trn,$0,$$0,1
trn,$1,0,4
trn,$1,1,262
trn,$1,2,160
trn,$1,3,133
trn,$1,4,86
trn,$1,5,52
trn,$1,6,40
trn,$1,7,19
trn,$1,8,17
trn,$1,9,8
trn,$1,10,5
trn,$1,11,20
trn,$1,12,7
trn,$1,13,5
trn,$1,14,2
trn,$1,15,2
trn,$1,16,2
trn,$1,17,1
trn,$1,18,1
trn,$1,19,1
trn,$1,20,2
trn,$1,21,1
trn,$1,22,1
trn,$1,24,1
trn,$1,25,1
trn,$1,27,3
trn,$1,28,2
trn,$1,29,1
trn,$1,30,2
trn,$1,34,2
trn,$1,36,2
trn,$1,37,2
trn,$1,38,1
trn,$1,41,1
trn,$1,43,1
trn,$1,49,2
trn,$1,54,1
trn,$1,63,2
trn,$1,83,2
trn,$1,90,1
trn,$1,117,1
trn,$1,306,1
trn,$1,360,1
trn,$1,592,1
trn,$1,1176,1
trn,$1,7260,1
trn,$1,16777222,1
trn,$1,$0,227
trn,$1,$2,164
trn,$1,$3,111
trn,$1,$4,42
trn,$1,$5,17
trn,$1,$6,11
trn,$1,$7,7
trn,$1,$8,1
trn,$1,$10,2
trn,$1,$$0,1
trn,$1,$$4,1
trn,$2,0,3
trn,$2,1,371
trn,$2,2,165
trn,$2,3,99
trn,$2,4,84
trn,$2,5,57
trn,$2,6,44
trn,$2,7,11
trn,$2,8,9
trn,$2,9,6
trn,$2,10,11
trn,$2,11,3
trn,$2,12,1
trn,$2,13,4
trn,$2,15,5
trn,$2,16,3
trn,$2,17,1
trn,$2,24,2
trn,$2,39,1
trn,$2,44,1
trn,$2,52,1
trn,$2,100,1
trn,$2,461,1
trn,$2,$0,155
trn,$2,$1,103
trn,$2,$3,110
trn,$2,$4,43
trn,$2,$5,22
trn,$2,$6,4
trn,$2,$7,2
trn,$2,$8,2
trn,$2,$10,3
trn,$2,$$5,1
trn,$3,1,70
trn,$3,2,75
trn,$3,3,53
trn,$3,4,53
trn,$3,5,32
trn,$3,6,27
trn,$3,7,6
trn,$3,8,3
trn,$3,9,1
trn,$3,10,3
trn,$3,11,1
trn,$3,12,1
trn,$3,25,1
trn,$3,27,1
trn,$3,33,1
trn,$3,$0,102
trn,$3,$1,83
trn,$3,$2,103
trn,$3,$4,32
trn,$3,$5,15
trn,$3,$6,22
trn,$3,$7,1
trn,$4,1,50
trn,$4,2,53
trn,$4,3,31
trn,$4,4,39
trn,$4,5,27
trn,$4,6,13
trn,$4,7,6
trn,$4,8,5
trn,$4,9,2
trn,$4,10,1
trn,$4,12,1
trn,$4,15,2
trn,$4,19,1
trn,$4,58,1
trn,$4,216,1
trn,$4,$0,42
trn,$4,$1,50
trn,$4,$2,100
trn,$4,$3,275
trn,$4,$5,33
trn,$4,$6,15
trn,$4,$7,14
trn,$4,$8,4
trn,$5,1,26
trn,$5,2,24
trn,$5,3,8
trn,$5,4,16
trn,$5,5,15
trn,$5,6,15
trn,$5,8,2
trn,$5,9,2
trn,$5,10,1
trn,$5,18,1
trn,$5,20,1
trn,$5,$0,25
trn,$5,$1,25
trn,$5,$2,43
trn,$5,$3,96
trn,$5,$4,23
trn,$5,$6,14
trn,$5,$7,7
trn,$5,$8,7
trn,$5,$9,1
trn,$5,$10,1
trn,$6,1,11
trn,$6,2,10
trn,$6,3,6
trn,$6,4,4
trn,$6,5,6
trn,$6,6,6
trn,$6,7,2
trn,$6,8,3
trn,$6,9,2
trn,$6,10,1
trn,$6,$0,16
trn,$6,$1,22
trn,$6,$2,30
trn,$6,$3,47
trn,$6,$4,16
trn,$6,$5,17
trn,$6,$7,18
trn,$6,$8,4
trn,$6,$9,2
trn,$7,1,6
trn,$7,2,6
trn,$7,3,1
trn,$7,4,2
trn,$7,5,4
trn,$7,6,1
trn,$7,12,1
trn,$7,$0,4
trn,$7,$1,3
trn,$7,$3,1
trn,$7,$4,2
trn,$7,$5,4
trn,$7,$6,1
trn,$7,$8,3
trn,$7,$10,1
trn,$8,1,5
trn,$8,2,5
trn,$8,3,3
trn,$8,7,1
trn,$8,12,1
trn,$8,$0,5
trn,$8,$1,5
trn,$8,$6,3
trn,$8,$7,1
trn,$8,$9,1
trn,$9,1,3
trn,$9,3,3
trn,$9,9,2
trn,$9,$3,2
trn,$9,$6,1
trn,$10,1,3
trn,$10,$1,4
trn,$10,$5,2
trn,$10,$7,2
trn,$10,$9,1
trn,$11,1,1
trn,$11,2,2
trn,$12,1,3
trn,$12,2,3
trn,$12,$1,1
trn,$13,1,1
trn,$13,2,1
trn,$13,$1,1
trn,$14,1,1
trn,$15,1,1
trn,$15,2,3
trn,$16,1,1
trn,$18,1,1
trn,$18,2,3
trn,$18,$1,1
trn,$20,1,1
trn,$20,$1,1
trn,$21,1,2
trn,$23,1,1
trn,$24,1,1
trn,$$0,1,2
trn,$$0,3,1
trn,$$0,$1,1
trn,$$1,3,1
trn,$$1,$3,1
trn,$$1,$$3,1
trn,$$1,$$4,1
trn,$$2,3,2
trn,$$2,5,1
trn,$$2,9,1
trn,$$2,$1,1
trn,$$2,$7,1
trn,$$2,$$0,2
trn,$$3,3,2
trn,$$4,1,1
trn,$$4,3,1
trn,$$4,4,1
trn,$$4,$0,1
trn,$$4,$$2,1
trn,$$6,22,1
mul,$0,-120259084286,29
mul,$0,-2,2
mul,$0,-1,1
mul,$0,0,9
mul,$0,2,2295
mul,$0,3,307
mul,$0,4,264
mul,$0,5,205
mul,$0,6,155
mul,$0,7,98
mul,$0,8,104
mul,$0,9,77
mul,$0,10,79
mul,$0,11,51
mul,$0,12,39
mul,$0,13,9
mul,$0,14,17
mul,$0,15,8
mul,$0,16,22
mul,$0,17,10
mul,$0,18,16
mul,$0,19,7
mul,$0,20,3
mul,$0,21,6
mul,$0,22,2
mul,$0,23,3
mul,$0,24,12
mul,$0,25,8
mul,$0,26,1
mul,$0,27,6
mul,$0,28,2
mul,$0,30,3
mul,$0,31,6
mul,$0,32,5
mul,$0,34,2
mul,$0,36,4
mul,$0,40,2
mul,$0,41,2
mul,$0,48,4
mul,$0,49,1
mul,$0,50,3
mul,$0,58,2
mul,$0,59,2
mul,$0,60,2
mul,$0,61,1
mul,$0,64,2
mul,$0,84,4
mul,$0,85,1
mul,$0,86,1
mul,$0,90,1
mul,$0,99,1
mul,$0,100,7
mul,$0,106,1
mul,$0,118,1
mul,$0,121,1
mul,$0,123,1
mul,$0,129,2
mul,$0,143,1
mul,$0,144,1
mul,$0,158,1
mul,$0,162,5
mul,$0,169,1
mul,$0,196,1
mul,$0,216,1
mul,$0,232,1
mul,$0,256,1
mul,$0,312,1
mul,$0,328,1
mul,$0,351,1
mul,$0,512,1
mul,$0,578,1
mul,$0,841,1
mul,$0,900,2
mul,$0,961,1
mul,$0,1020,1
mul,$0,1021,1
mul,$0,1236,1
mul,$0,1331,2
mul,$0,3125,1
mul,$0,4096,1
mul,$0,1375001163,1
mul,$0,120259084288,47
mul,$0,$1,157
mul,$0,$2,327
mul,$0,$3,184
mul,$0,$4,92
mul,$0,$5,39
mul,$0,$6,36
mul,$0,$7,17
mul,$0,$8,11
mul,$0,$9,4
mul,$0,$10,1
mul,$1,-240518168576,1
mul,$1,-2,1
mul,$1,2,2646
mul,$1,3,673
mul,$1,4,539
mul,$1,5,366
mul,$1,6,402
mul,$1,7,286
mul,$1,8,256
mul,$1,9,208
mul,$1,10,175
mul,$1,11,72
mul,$1,12,111
mul,$1,13,36
mul,$1,14,43
mul,$1,15,30
mul,$1,16,91
mul,$1,17,18
mul,$1,18,50
mul,$1,19,14
mul,$1,20,39
mul,$1,21,15
mul,$1,22,20
mul,$1,23,10
mul,$1,24,73
mul,$1,25,20
mul,$1,26,13
mul,$1,27,17
mul,$1,28,16
mul,$1,29,7
mul,$1,30,42
mul,$1,31,8
mul,$1,32,26
mul,$1,33,1
mul,$1,34,5
mul,$1,35,2
mul,$1,36,23
mul,$1,37,2
mul,$1,38,3
mul,$1,40,13
mul,$1,41,3
mul,$1,42,15
mul,$1,44,5
mul,$1,45,2
mul,$1,46,3
mul,$1,47,2
mul,$1,48,14
mul,$1,49,15
mul,$1,50,16
mul,$1,52,3
mul,$1,54,10
mul,$1,55,3
mul,$1,56,3
mul,$1,57,2
mul,$1,58,3
mul,$1,60,14
mul,$1,61,2
mul,$1,62,3
mul,$1,63,1
mul,$1,64,26
mul,$1,65,1
mul,$1,66,6
mul,$1,67,1
mul,$1,68,3
mul,$1,70,5
mul,$1,72,12
mul,$1,73,1
mul,$1,74,5
mul,$1,75,2
mul,$1,76,5
mul,$1,78,4
mul,$1,80,2
mul,$1,81,16
mul,$1,82,1
mul,$1,84,2
mul,$1,87,2
mul,$1,88,2
mul,$1,89,1
mul,$1,90,9
mul,$1,91,4
mul,$1,94,1
mul,$1,96,7
mul,$1,97,1
mul,$1,98,8
mul,$1,99,4
mul,$1,100,20
mul,$1,101,4
mul,$1,102,1
mul,$1,104,1
mul,$1,105,2
mul,$1,107,1
mul,$1,108,5
mul,$1,109,1
mul,$1,110,1
mul,$1,111,1
mul,$1,114,1
mul,$1,117,1
mul,$1,120,12
mul,$1,121,8
mul,$1,123,3
mul,$1,125,1
mul,$1,126,3
mul,$1,127,1
mul,$1,128,14
mul,$1,132,1
mul,$1,136,4
mul,$1,138,1
mul,$1,140,3
mul,$1,143,1
mul,$1,144,13
mul,$1,153,1
mul,$1,155,1
mul,$1,157,1
mul,$1,162,6
mul,$1,164,2
mul,$1,165,1
mul,$1,168,1
mul,$1,169,5
mul,$1,171,1
mul,$1,172,1
mul,$1,180,2
mul,$1,186,1
mul,$1,190,1
mul,$1,192,2
mul,$1,196,4
mul,$1,199,2
mul,$1,200,5
mul,$1,204,2
mul,$1,216,5
mul,$1,225,6
mul,$1,234,1
mul,$1,242,5
mul,$1,243,1
mul,$1,246,1
mul,$1,250,4
mul,$1,252,4
mul,$1,256,8
mul,$1,282,1
mul,$1,288,9
mul,$1,289,4
mul,$1,318,1
mul,$1,320,1
mul,$1,322,2
mul,$1,324,5
mul,$1,336,2
mul,$1,338,4
mul,$1,343,2
mul,$1,348,1
mul,$1,352,1
mul,$1,360,2
mul,$1,361,4
mul,$1,364,1
mul,$1,384,6
mul,$1,392,2
mul,$1,400,5
mul,$1,408,1
mul,$1,420,7
mul,$1,424,1
mul,$1,429,1
mul,$1,432,1
mul,$1,441,3
mul,$1,461,1
mul,$1,462,1
mul,$1,484,4
mul,$1,486,1
mul,$1,492,2
mul,$1,494,1
mul,$1,504,2
mul,$1,507,1
mul,$1,512,6
mul,$1,521,2
mul,$1,529,5
mul,$1,576,9
mul,$1,591,1
mul,$1,600,1
mul,$1,625,4
mul,$1,636,1
mul,$1,648,2
mul,$1,650,1
mul,$1,672,1
mul,$1,676,4
mul,$1,680,2
mul,$1,682,1
mul,$1,686,2
mul,$1,700,1
mul,$1,720,7
mul,$1,729,7
mul,$1,732,1
mul,$1,768,1
mul,$1,784,2
mul,$1,800,4
mul,$1,836,2
mul,$1,839,1
mul,$1,840,3
mul,$1,841,5
mul,$1,843,2
mul,$1,882,3
mul,$1,900,4
mul,$1,961,4
mul,$1,990,1
mul,$1,991,1
mul,$1,997,1
mul,$1,1000,4
mul,$1,1001,1
mul,$1,1024,4
mul,$1,1089,2
mul,$1,1156,2
mul,$1,1190,1
mul,$1,1225,2
mul,$1,1250,2
mul,$1,1296,2
mul,$1,1320,1
mul,$1,1331,3
mul,$1,1364,2
mul,$1,1369,2
mul,$1,1444,2
mul,$1,1458,2
mul,$1,1521,2
mul,$1,1600,2
mul,$1,1716,1
mul,$1,1728,4
mul,$1,1729,3
mul,$1,1852,1
mul,$1,2048,1
mul,$1,2184,1
mul,$1,2207,2
mul,$1,2520,2
mul,$1,2662,2
mul,$1,2730,1
mul,$1,3018,1
mul,$1,3571,2
mul,$1,3600,1
mul,$1,4080,1
mul,$1,4394,2
mul,$1,5040,2
mul,$1,5291,1
mul,$1,5618,1
mul,$1,5778,2
mul,$1,8000,4
mul,$1,9349,2
mul,$1,9434,1
mul,$1,9973,1
mul,$1,9990,1
mul,$1,10000,2
mul,$1,12167,2
mul,$1,15127,2
mul,$1,15625,1
mul,$1,16807,1
mul,$1,18522,4
mul,$1,19683,2
mul,$1,20000,1
mul,$1,21460,1
mul,$1,27720,1
mul,$1,31250,2
mul,$1,40320,2
mul,$1,86400,1
mul,$1,100000,2
mul,$1,111110,1
mul,$1,111111,1
mul,$1,137842,2
mul,$1,142857,1
mul,$1,157114,1
mul,$1,250128,1
mul,$1,297754,2
mul,$1,362880,2
mul,$1,453060,1
mul,$1,531441,1
mul,$1,729000,4
mul,$1,1008990,1
mul,$1,1728000,6
mul,$1,3628800,2
mul,$1,8388608,1
mul,$1,8984250,6
mul,$1,11184810,4
mul,$1,12345679,2
mul,$1,405064233,1
mul,$1,$0,1268
mul,$1,$2,318
mul,$1,$3,215
mul,$1,$4,93
mul,$1,$5,56
mul,$1,$6,33
mul,$1,$7,10
mul,$1,$8,11
mul,$1,$9,8
mul,$1,$10,1
mul,$2,0,8
mul,$2,2,1398
mul,$2,3,282
mul,$2,4,187
mul,$2,5,102
mul,$2,6,98
mul,$2,7,51
mul,$2,8,51
mul,$2,9,42
mul,$2,10,32
mul,$2,11,22
mul,$2,12,26
mul,$2,13,11
mul,$2,14,11
mul,$2,15,16
mul,$2,16,15
mul,$2,17,6
mul,$2,18,8
mul,$2,19,5
mul,$2,20,3
mul,$2,21,5
mul,$2,22,4
mul,$2,23,4
mul,$2,24,30
mul,$2,25,5
mul,$2,26,3
mul,$2,27,2
mul,$2,28,8
mul,$2,29,1
mul,$2,30,2
mul,$2,31,2
mul,$2,32,9
mul,$2,33,8
mul,$2,34,5
mul,$2,35,3
mul,$2,36,9
mul,$2,37,2
mul,$2,38,3
mul,$2,39,3
mul,$2,40,2
mul,$2,41,2
mul,$2,42,1
mul,$2,44,3
mul,$2,45,2
mul,$2,46,2
mul,$2,48,1
mul,$2,49,5
mul,$2,50,2
mul,$2,52,1
mul,$2,54,1
mul,$2,55,2
mul,$2,56,1
mul,$2,57,1
mul,$2,58,2
mul,$2,59,3
mul,$2,60,1
mul,$2,62,1
mul,$2,64,3
mul,$2,66,1
mul,$2,69,1
mul,$2,71,2
mul,$2,72,1
mul,$2,73,2
mul,$2,74,3
mul,$2,78,1
mul,$2,79,2
mul,$2,81,6
mul,$2,82,1
mul,$2,83,1
mul,$2,84,1
mul,$2,86,2
mul,$2,87,1
mul,$2,89,1
mul,$2,92,1
mul,$2,93,1
mul,$2,96,1
mul,$2,100,9
mul,$2,101,1
mul,$2,105,1
mul,$2,110,1
mul,$2,111,2
mul,$2,114,1
mul,$2,120,1
mul,$2,121,1
mul,$2,122,1
mul,$2,125,1
mul,$2,127,1
mul,$2,136,1
mul,$2,144,3
mul,$2,145,1
mul,$2,151,1
mul,$2,153,1
mul,$2,160,1
mul,$2,161,1
mul,$2,164,1
mul,$2,841,1
mul,$2,1461,1
mul,$2,2036,1
mul,$2,3571,3
mul,$2,120259084288,4
mul,$2,$0,370
mul,$2,$1,171
mul,$2,$3,207
mul,$2,$4,111
mul,$2,$5,45
mul,$2,$6,34
mul,$2,$7,15
mul,$2,$8,6
mul,$2,$9,1
mul,$2,$10,1
mul,$3,0,1
mul,$3,2,887
mul,$3,3,161
mul,$3,4,124
mul,$3,5,87
mul,$3,6,60
mul,$3,7,27
mul,$3,8,62
mul,$3,9,17
mul,$3,10,18
mul,$3,11,9
mul,$3,12,5
mul,$3,13,4
mul,$3,14,1
mul,$3,15,6
mul,$3,16,2
mul,$3,18,3
mul,$3,19,1
mul,$3,20,1
mul,$3,21,3
mul,$3,23,3
mul,$3,24,5
mul,$3,25,3
mul,$3,26,3
mul,$3,28,4
mul,$3,30,2
mul,$3,36,2
mul,$3,37,2
mul,$3,38,1
mul,$3,40,6
mul,$3,41,1
mul,$3,42,1
mul,$3,44,1
mul,$3,49,4
mul,$3,52,1
mul,$3,56,2
mul,$3,58,2
mul,$3,59,1
mul,$3,61,1
mul,$3,63,1
mul,$3,64,1
mul,$3,68,2
mul,$3,71,1
mul,$3,72,2
mul,$3,76,1
mul,$3,81,1
mul,$3,82,1
mul,$3,90,1
mul,$3,100,1
mul,$3,107,1
mul,$3,112,1
mul,$3,120,2
mul,$3,149,2
mul,$3,156,1
mul,$3,161,1
mul,$3,675,1
mul,$3,754,1
mul,$3,3125,1
mul,$3,3403,1
mul,$3,$0,203
mul,$3,$1,115
mul,$3,$2,257
mul,$3,$4,313
mul,$3,$5,55
mul,$3,$6,34
mul,$3,$7,12
mul,$3,$8,5
mul,$3,$9,1
mul,$3,$10,1
mul,$4,-34,1
mul,$4,-1,1
mul,$4,2,501
mul,$4,3,70
mul,$4,4,54
mul,$4,5,35
mul,$4,6,27
mul,$4,7,12
mul,$4,8,17
mul,$4,9,13
mul,$4,10,18
mul,$4,11,2
mul,$4,12,2
mul,$4,13,2
mul,$4,14,1
mul,$4,15,2
mul,$4,16,7
mul,$4,17,2
mul,$4,18,2
mul,$4,19,2
mul,$4,20,2
mul,$4,21,1
mul,$4,22,3
mul,$4,23,2
mul,$4,24,1
mul,$4,25,3
mul,$4,26,1
mul,$4,27,2
mul,$4,28,2
mul,$4,29,2
mul,$4,30,2
mul,$4,31,3
mul,$4,32,1
mul,$4,36,1
mul,$4,37,1
mul,$4,40,1
mul,$4,42,2
mul,$4,45,1
mul,$4,47,1
mul,$4,48,1
mul,$4,49,2
mul,$4,50,1
mul,$4,52,1
mul,$4,67,1
mul,$4,78,1
mul,$4,81,1
mul,$4,85,2
mul,$4,90,1
mul,$4,96,1
mul,$4,97,1
mul,$4,100,2
mul,$4,309,2
mul,$4,512,1
mul,$4,1458,1
mul,$4,$0,111
mul,$4,$1,61
mul,$4,$2,125
mul,$4,$3,136
mul,$4,$5,94
mul,$4,$6,36
mul,$4,$7,10
mul,$4,$8,14
mul,$4,$9,5
mul,$5,-5,1
mul,$5,2,270
mul,$5,3,37
mul,$5,4,35
mul,$5,5,22
mul,$5,6,22
mul,$5,7,8
mul,$5,8,16
mul,$5,9,6
mul,$5,10,2
mul,$5,11,1
mul,$5,12,3
mul,$5,13,2
mul,$5,15,1
mul,$5,16,1
mul,$5,19,1
mul,$5,22,1
mul,$5,23,1
mul,$5,32,1
mul,$5,33,1
mul,$5,48,1
mul,$5,52,1
mul,$5,55,1
mul,$5,56,1
mul,$5,64,2
mul,$5,81,2
mul,$5,100,2
mul,$5,288,1
mul,$5,512,1
mul,$5,$0,56
mul,$5,$1,30
mul,$5,$2,56
mul,$5,$3,48
mul,$5,$4,75
mul,$5,$6,43
mul,$5,$7,19
mul,$5,$8,5
mul,$5,$9,8
mul,$5,$10,2
mul,$6,2,152
mul,$6,3,24
mul,$6,4,17
mul,$6,5,12
mul,$6,6,11
mul,$6,7,9
mul,$6,8,8
mul,$6,9,4
mul,$6,10,8
mul,$6,12,1
mul,$6,13,1
mul,$6,15,1
mul,$6,21,1
mul,$6,28,1
mul,$6,32,1
mul,$6,44,1
mul,$6,83,1
mul,$6,100,1
mul,$6,$0,61
mul,$6,$1,20
mul,$6,$2,24
mul,$6,$3,20
mul,$6,$4,43
mul,$6,$5,69
mul,$6,$7,33
mul,$6,$8,23
mul,$6,$9,2
mul,$6,$10,1
mul,$6,$11,2
mul,$7,2,92
mul,$7,3,13
mul,$7,4,13
mul,$7,5,8
mul,$7,6,6
mul,$7,7,6
mul,$7,8,4
mul,$7,9,3
mul,$7,10,2
mul,$7,11,2
mul,$7,15,1
mul,$7,16,1
mul,$7,17,1
mul,$7,20,1
mul,$7,24,4
mul,$7,26,1
mul,$7,36,1
mul,$7,45,1
mul,$7,50,1
mul,$7,74,1
mul,$7,94,1
mul,$7,100,1
mul,$7,$0,9
mul,$7,$1,1
mul,$7,$2,11
mul,$7,$3,6
mul,$7,$4,8
mul,$7,$5,12
mul,$7,$6,8
mul,$7,$8,8
mul,$7,$9,5
mul,$8,0,1
mul,$8,2,56
mul,$8,3,7
mul,$8,4,10
mul,$8,5,5
mul,$8,6,3
mul,$8,7,4
mul,$8,8,4
mul,$8,9,2
mul,$8,10,1
mul,$8,17,1
mul,$8,21,1
mul,$8,55,1
mul,$8,232,1
mul,$8,$0,14
mul,$8,$1,3
mul,$8,$2,8
mul,$8,$3,6
mul,$8,$4,11
mul,$8,$5,5
mul,$8,$6,6
mul,$8,$7,22
mul,$8,$9,7
mul,$8,$10,2
mul,$9,-94,1
mul,$9,2,19
mul,$9,3,2
mul,$9,4,3
mul,$9,5,1
mul,$9,6,1
mul,$9,7,1
mul,$9,9,1
mul,$9,13,1
mul,$9,15,2
mul,$9,$0,5
mul,$9,$1,2
mul,$9,$2,2
mul,$9,$4,2
mul,$9,$5,2
mul,$9,$6,2
mul,$9,$7,1
mul,$9,$8,6
mul,$9,$10,1
mul,$10,2,14
mul,$10,3,3
mul,$10,4,3
mul,$10,5,1
mul,$10,6,1
mul,$10,7,1
mul,$10,8,4
mul,$10,24,3
mul,$10,38,1
mul,$10,45,1
mul,$10,$0,3
mul,$10,$1,1
mul,$10,$4,2
mul,$10,$6,1
mul,$10,$9,8
mul,$10,$11,2
mul,$11,2,11
mul,$11,4,1
mul,$11,5,7
mul,$11,$5,1
mul,$12,2,1
mul,$12,3,10
mul,$12,6,3
mul,$12,10,1
mul,$12,$11,3
mul,$13,2,15
mul,$13,4,3
mul,$13,5,3
mul,$16,2,2
mul,$18,2,1
mul,$18,3,1
mul,$20,3,1
mul,$28,$27,2
mul,$30,2,1
mul,$32,3,5
mul,$$3,4,1
mul,$$5,4,1
div,$0,-9,1
div,$0,-6,9
div,$0,-4,1
div,$0,-3,4
div,$0,-2,1
div,$0,2,955
div,$0,3,245
div,$0,4,164
div,$0,5,80
div,$0,6,54
div,$0,7,50
div,$0,8,42
div,$0,9,25
div,$0,10,252
div,$0,11,7
div,$0,12,12
div,$0,13,3
div,$0,14,9
div,$0,15,3
div,$0,16,9
div,$0,17,1
div,$0,18,4
div,$0,19,1
div,$0,20,5
div,$0,21,1
div,$0,22,3
div,$0,23,3
div,$0,24,2
div,$0,26,1
div,$0,27,1
div,$0,28,1
div,$0,30,2
div,$0,31,1
div,$0,34,4
div,$0,37,2
div,$0,38,1
div,$0,44,2
div,$0,47,1
div,$0,48,1
div,$0,49,2
div,$0,52,1
div,$0,55,2
div,$0,56,4
div,$0,59,1
div,$0,63,1
div,$0,77,1
div,$0,79,1
div,$0,80,1
div,$0,81,1
div,$0,87,1
div,$0,88,1
div,$0,89,5
div,$0,95,1
div,$0,122,2
div,$0,128,1
div,$0,145,1
div,$0,199,1
div,$0,232,3
div,$0,256,1
div,$0,432,2
div,$0,4913,1
div,$0,10405,1
div,$0,$0,35
div,$0,$1,38
div,$0,$2,132
div,$0,$3,74
div,$0,$4,16
div,$0,$5,15
div,$0,$6,14
div,$0,$7,5
div,$0,$8,9
div,$0,$9,1
div,$1,-1,1
div,$1,2,2213
div,$1,3,796
div,$1,4,936
div,$1,5,356
div,$1,6,494
div,$1,7,187
div,$1,8,324
div,$1,9,148
div,$1,10,87
div,$1,11,26
div,$1,12,141
div,$1,13,11
div,$1,14,20
div,$1,15,38
div,$1,16,135
div,$1,17,11
div,$1,18,43
div,$1,19,7
div,$1,20,42
div,$1,21,10
div,$1,22,14
div,$1,23,5
div,$1,24,88
div,$1,25,16
div,$1,26,2
div,$1,27,22
div,$1,28,13
div,$1,29,10
div,$1,30,22
div,$1,31,3
div,$1,32,69
div,$1,33,8
div,$1,34,2
div,$1,35,5
div,$1,36,30
div,$1,37,2
div,$1,39,1
div,$1,40,24
div,$1,42,12
div,$1,44,3
div,$1,45,8
div,$1,47,1
div,$1,48,28
div,$1,49,4
div,$1,50,11
div,$1,51,2
div,$1,52,3
div,$1,53,4
div,$1,54,2
div,$1,56,12
div,$1,57,1
div,$1,58,1
div,$1,60,13
div,$1,61,1
div,$1,62,2
div,$1,63,2
div,$1,64,28
div,$1,65,1
div,$1,66,1
div,$1,68,1
div,$1,70,1
div,$1,71,1
div,$1,72,14
div,$1,73,1
div,$1,74,2
div,$1,78,1
div,$1,80,5
div,$1,81,11
div,$1,82,1
div,$1,84,2
div,$1,88,1
div,$1,90,2
div,$1,94,1
div,$1,95,1
div,$1,96,11
div,$1,98,2
div,$1,100,5
div,$1,105,2
div,$1,108,7
div,$1,109,2
div,$1,120,11
div,$1,121,1
div,$1,123,1
div,$1,125,7
div,$1,126,1
div,$1,128,15
div,$1,130,1
div,$1,132,1
div,$1,147,1
div,$1,150,1
div,$1,152,1
div,$1,154,1
div,$1,160,1
div,$1,162,1
div,$1,165,1
div,$1,168,2
div,$1,179,1
div,$1,192,4
div,$1,198,3
div,$1,200,1
div,$1,210,3
div,$1,216,4
div,$1,218,1
div,$1,220,1
div,$1,224,2
div,$1,240,4
div,$1,242,1
div,$1,252,1
div,$1,254,1
div,$1,256,11
div,$1,264,1
div,$1,270,1
div,$1,288,4
div,$1,300,3
div,$1,320,1
div,$1,324,1
div,$1,333,1
div,$1,336,1
div,$1,342,2
div,$1,343,2
div,$1,354,1
div,$1,360,3
div,$1,369,3
div,$1,384,2
div,$1,390,1
div,$1,392,1
div,$1,432,3
div,$1,440,1
div,$1,441,1
div,$1,461,1
div,$1,464,1
div,$1,468,1
div,$1,480,2
div,$1,500,1
div,$1,512,3
div,$1,528,1
div,$1,540,2
div,$1,576,1
div,$1,625,4
div,$1,630,1
div,$1,640,1
div,$1,648,3
div,$1,720,2
div,$1,768,1
div,$1,800,1
div,$1,810,3
div,$1,840,2
div,$1,841,1
div,$1,896,1
div,$1,900,1
div,$1,961,1
div,$1,968,1
div,$1,972,1
div,$1,1000,3
div,$1,1024,3
div,$1,1027,1
div,$1,1104,1
div,$1,1150,1
div,$1,1152,4
div,$1,1225,1
div,$1,1236,2
div,$1,1280,1
div,$1,1296,1
div,$1,1332,2
div,$1,1352,1
div,$1,1458,1
div,$1,1461,1
div,$1,1464,1
div,$1,1508,1
div,$1,1536,4
div,$1,1600,1
div,$1,1764,1
div,$1,1800,1
div,$1,1944,2
div,$1,2062,1
div,$1,2100,1
div,$1,2304,1
div,$1,2400,4
div,$1,2496,1
div,$1,2640,1
div,$1,2646,1
div,$1,3025,1
div,$1,3125,1
div,$1,3330,2
div,$1,3430,1
div,$1,3456,1
div,$1,3712,1
div,$1,3872,1
div,$1,4096,2
div,$1,4860,2
div,$1,5408,1
div,$1,6048,1
div,$1,6084,1
div,$1,6100,3
div,$1,6144,1
div,$1,6250,1
div,$1,6561,1
div,$1,7200,1
div,$1,15625,1
div,$1,16384,1
div,$1,18742,1
div,$1,21000,1
div,$1,24993,1
div,$1,32741,1
div,$1,33000,1
div,$1,46080,1
div,$1,49152,1
div,$1,62208,1
div,$1,65600,1
div,$1,70993,1
div,$1,83160,1
div,$1,362880,1
div,$1,531441,1
div,$1,887018,1
div,$1,3628798,1
div,$1,3628800,1
div,$1,4194332,1
div,$1,5764801,1
div,$1,31457280,1
div,$1,479001600,1
div,$1,120259084286,30
div,$1,120259084288,50
div,$1,240518168574,1
div,$1,281474976710654,1
div,$1,1125899906842624,1
div,$1,100000000000000000,1
div,$1,$0,240
div,$1,$1,10
div,$1,$2,78
div,$1,$3,54
div,$1,$4,43
div,$1,$5,15
div,$1,$6,14
div,$1,$7,13
div,$1,$8,3
div,$1,$9,7
div,$1,$10,2
div,$2,-1,1
div,$2,2,403
div,$2,3,136
div,$2,4,105
div,$2,5,47
div,$2,6,45
div,$2,7,62
div,$2,8,28
div,$2,9,13
div,$2,10,17
div,$2,11,3
div,$2,12,10
div,$2,13,7
div,$2,14,2
div,$2,15,7
div,$2,16,5
div,$2,17,4
div,$2,18,2
div,$2,19,2
div,$2,20,2
div,$2,21,6
div,$2,22,3
div,$2,23,4
div,$2,24,3
div,$2,25,2
div,$2,26,2
div,$2,27,2
div,$2,28,2
div,$2,29,2
div,$2,31,3
div,$2,32,3
div,$2,34,4
div,$2,35,2
div,$2,37,2
div,$2,41,5
div,$2,47,1
div,$2,50,1
div,$2,55,2
div,$2,56,1
div,$2,63,13
div,$2,64,2
div,$2,71,1
div,$2,72,1
div,$2,74,1
div,$2,77,1
div,$2,78,1
div,$2,85,1
div,$2,112,2
div,$2,144,1
div,$2,169,1
div,$2,209,1
div,$2,256,1
div,$2,576,1
div,$2,648,1
div,$2,676,1
div,$2,1536,1
div,$2,3810,1
div,$2,8000,1
div,$2,9979199,1
div,$2,120259084286,1
div,$2,$0,55
div,$2,$1,32
div,$2,$2,14
div,$2,$3,49
div,$2,$4,37
div,$2,$5,5
div,$2,$6,7
div,$2,$7,5
div,$2,$8,5
div,$2,$10,1
div,$3,-2,2
div,$3,2,222
div,$3,3,68
div,$3,4,42
div,$3,5,18
div,$3,6,25
div,$3,7,16
div,$3,8,14
div,$3,9,16
div,$3,10,8
div,$3,11,9
div,$3,13,13
div,$3,16,3
div,$3,17,4
div,$3,18,1
div,$3,19,3
div,$3,21,1
div,$3,22,1
div,$3,23,1
div,$3,24,1
div,$3,25,2
div,$3,30,1
div,$3,32,1
div,$3,33,1
div,$3,34,2
div,$3,35,1
div,$3,36,2
div,$3,41,1
div,$3,52,2
div,$3,56,1
div,$3,58,1
div,$3,63,2
div,$3,64,1
div,$3,74,1
div,$3,75,1
div,$3,97,3
div,$3,105,1
div,$3,111,1
div,$3,729,1
div,$3,$0,16
div,$3,$1,14
div,$3,$2,39
div,$3,$3,10
div,$3,$4,15
div,$3,$5,18
div,$3,$6,7
div,$3,$7,13
div,$3,$8,5
div,$3,$9,1
div,$3,$10,1
div,$4,-5,1
div,$4,2,169
div,$4,3,39
div,$4,4,16
div,$4,5,8
div,$4,6,14
div,$4,7,7
div,$4,8,7
div,$4,9,8
div,$4,10,8
div,$4,11,5
div,$4,12,2
div,$4,15,6
div,$4,16,1
div,$4,17,2
div,$4,18,1
div,$4,22,4
div,$4,24,1
div,$4,25,2
div,$4,26,2
div,$4,30,4
div,$4,31,1
div,$4,36,1
div,$4,50,1
div,$4,56,1
div,$4,82,2
div,$4,85,1
div,$4,89,1
div,$4,98,3
div,$4,1318,1
div,$4,$0,11
div,$4,$1,29
div,$4,$2,18
div,$4,$3,27
div,$4,$4,10
div,$4,$5,13
div,$4,$6,6
div,$4,$7,11
div,$4,$8,3
div,$5,2,81
div,$5,3,22
div,$5,4,8
div,$5,5,8
div,$5,6,8
div,$5,7,7
div,$5,8,7
div,$5,9,3
div,$5,10,5
div,$5,11,2
div,$5,13,1
div,$5,17,2
div,$5,23,1
div,$5,25,1
div,$5,29,1
div,$5,30,2
div,$5,31,2
div,$5,38,2
div,$5,45,1
div,$5,50,1
div,$5,76,1
div,$5,1020,1
div,$5,7007,1
div,$5,$0,12
div,$5,$1,28
div,$5,$2,17
div,$5,$3,7
div,$5,$4,8
div,$5,$5,8
div,$5,$6,8
div,$5,$7,3
div,$5,$8,4
div,$6,2,51
div,$6,3,16
div,$6,4,12
div,$6,5,13
div,$6,6,11
div,$6,7,6
div,$6,8,5
div,$6,9,2
div,$6,10,8
div,$6,11,4
div,$6,14,1
div,$6,16,1
div,$6,25,1
div,$6,34,3
div,$6,35,1
div,$6,40,1
div,$6,53,1
div,$6,55,1
div,$6,69,1
div,$6,79,2
div,$6,339,1
div,$6,$0,10
div,$6,$1,8
div,$6,$2,6
div,$6,$3,5
div,$6,$4,8
div,$6,$5,13
div,$6,$6,6
div,$6,$7,5
div,$6,$8,4
div,$6,$9,4
div,$6,$10,1
div,$7,2,29
div,$7,3,11
div,$7,4,6
div,$7,5,3
div,$7,6,2
div,$7,7,3
div,$7,8,2
div,$7,9,3
div,$7,10,2
div,$7,11,1
div,$7,12,1
div,$7,15,1
div,$7,24,1
div,$7,42,1
div,$7,44,1
div,$7,46,1
div,$7,199,1
div,$7,$0,8
div,$7,$1,1
div,$7,$2,5
div,$7,$4,2
div,$7,$5,4
div,$7,$6,3
div,$7,$8,4
div,$8,2,21
div,$8,3,4
div,$8,4,5
div,$8,5,2
div,$8,6,7
div,$8,8,1
div,$8,13,1
div,$8,23,1
div,$8,38,1
div,$8,66,1
div,$8,$0,2
div,$8,$2,3
div,$8,$3,1
div,$9,2,6
div,$9,4,1
div,$9,6,1
div,$9,8,1
div,$9,11,1
div,$9,15,4
div,$9,37,1
div,$9,$2,1
div,$9,$3,1
div,$10,2,3
div,$10,3,1
div,$10,5,2
div,$10,12,1
div,$10,93,1
div,$10,$5,2
div,$10,$6,1
div,$10,$8,1
div,$11,6,1
div,$$4,2,1
div,$$5,5,1
mod,$0,-5,1
mod,$0,-4,1
mod,$0,-3,1
mod,$0,1,6
mod,$0,2,382
mod,$0,3,133
mod,$0,4,121
mod,$0,5,63
mod,$0,6,51
mod,$0,7,22
mod,$0,8,32
mod,$0,9,36
mod,$0,10,30
mod,$0,11,8
mod,$0,12,4
mod,$0,13,4
mod,$0,14,7
mod,$0,15,7
mod,$0,16,3
mod,$0,17,6
mod,$0,18,6
mod,$0,19,6
mod,$0,20,5
mod,$0,21,5
mod,$0,22,6
mod,$0,23,6
mod,$0,24,2
mod,$0,25,6
mod,$0,26,3
mod,$0,27,6
mod,$0,28,4
mod,$0,29,7
mod,$0,30,5
mod,$0,31,5
mod,$0,32,4
mod,$0,33,4
mod,$0,34,6
mod,$0,35,5
mod,$0,36,5
mod,$0,37,5
mod,$0,38,5
mod,$0,39,3
mod,$0,40,4
mod,$0,41,3
mod,$0,42,4
mod,$0,43,5
mod,$0,44,4
mod,$0,45,4
mod,$0,46,6
mod,$0,47,6
mod,$0,48,3
mod,$0,60,1
mod,$0,64,1
mod,$0,68,1
mod,$0,89,1
mod,$0,100,2
mod,$0,$0,2
mod,$0,$1,6
mod,$0,$2,21
mod,$0,$3,13
mod,$0,$4,4
mod,$0,$5,5
mod,$0,$6,4
mod,$0,$7,1
mod,$0,$8,3
mod,$1,-10,1
mod,$1,1,2
mod,$1,2,136
mod,$1,3,76
mod,$1,4,50
mod,$1,5,45
mod,$1,6,36
mod,$1,7,17
mod,$1,8,15
mod,$1,9,24
mod,$1,10,17
mod,$1,11,9
mod,$1,12,9
mod,$1,13,8
mod,$1,14,2
mod,$1,15,2
mod,$1,16,3
mod,$1,17,3
mod,$1,18,5
mod,$1,19,3
mod,$1,20,1
mod,$1,21,1
mod,$1,22,6
mod,$1,23,5
mod,$1,24,3
mod,$1,25,8
mod,$1,26,2
mod,$1,27,5
mod,$1,28,6
mod,$1,29,5
mod,$1,31,3
mod,$1,32,3
mod,$1,33,4
mod,$1,34,2
mod,$1,35,2
mod,$1,36,3
mod,$1,37,5
mod,$1,38,2
mod,$1,39,5
mod,$1,40,3
mod,$1,41,8
mod,$1,42,1
mod,$1,43,4
mod,$1,44,4
mod,$1,45,4
mod,$1,46,2
mod,$1,47,5
mod,$1,48,2
mod,$1,49,1
mod,$1,52,1
mod,$1,64,1
mod,$1,91,1
mod,$1,100,5
mod,$1,101,1
mod,$1,109,1
mod,$1,122,1
mod,$1,179,1
mod,$1,181,1
mod,$1,256,1
mod,$1,1024,1
mod,$1,4096,1
mod,$1,$0,26
mod,$1,$1,1
mod,$1,$2,20
mod,$1,$3,13
mod,$1,$4,8
mod,$1,$5,6
mod,$1,$8,3
mod,$2,1,1
mod,$2,2,98
mod,$2,3,29
mod,$2,4,24
mod,$2,5,17
mod,$2,6,5
mod,$2,7,10
mod,$2,8,10
mod,$2,9,12
mod,$2,10,141
mod,$2,11,5
mod,$2,12,1
mod,$2,13,1
mod,$2,14,2
mod,$2,15,1
mod,$2,17,1
mod,$2,19,1
mod,$2,20,2
mod,$2,30,1
mod,$2,31,1
mod,$2,32,1
mod,$2,33,1
mod,$2,34,1
mod,$2,35,1
mod,$2,37,1
mod,$2,38,2
mod,$2,40,1
mod,$2,42,1
mod,$2,43,1
mod,$2,44,2
mod,$2,46,1
mod,$2,47,1
mod,$2,48,1
mod,$2,50,1
mod,$2,64,1
mod,$2,160,1
mod,$2,420,1
mod,$2,$0,18
mod,$2,$1,5
mod,$2,$2,2
mod,$2,$3,6
mod,$2,$4,2
mod,$2,$5,9
mod,$2,$6,2
mod,$2,$7,2
mod,$3,1,1
mod,$3,2,54
mod,$3,3,16
mod,$3,4,11
mod,$3,5,8
mod,$3,6,2
mod,$3,7,2
mod,$3,8,4
mod,$3,9,4
mod,$3,10,4
mod,$3,14,1
mod,$3,16,1
mod,$3,17,1
mod,$3,18,1
mod,$3,20,2
mod,$3,83,2
mod,$3,255,1
mod,$3,576,1
mod,$3,1716,1
mod,$3,$0,4
mod,$3,$1,4
mod,$3,$2,7
mod,$3,$4,5
mod,$3,$5,3
mod,$3,$6,1
mod,$3,$7,3
mod,$3,$8,1
mod,$3,$9,1
mod,$4,2,40
mod,$4,3,13
mod,$4,4,5
mod,$4,5,2
mod,$4,6,2
mod,$4,8,1
mod,$4,9,7
mod,$4,10,3
mod,$4,16,1
mod,$4,49,1
mod,$4,128,1
mod,$4,$0,7
mod,$4,$1,5
mod,$4,$2,4
mod,$4,$3,9
mod,$4,$4,1
mod,$4,$9,1
mod,$5,2,21
mod,$5,3,5
mod,$5,4,1
mod,$5,5,3
mod,$5,6,4
mod,$5,8,1
mod,$5,9,4
mod,$5,10,2
mod,$5,16,1
mod,$5,18,1
mod,$5,27,1
mod,$5,$0,1
mod,$5,$1,2
mod,$5,$2,1
mod,$5,$3,5
mod,$5,$4,2
mod,$5,$7,1
mod,$5,$8,1
mod,$6,2,18
mod,$6,5,2
mod,$6,6,1
mod,$6,8,1
mod,$6,9,2
mod,$6,10,1
mod,$6,$1,2
mod,$6,$2,5
mod,$6,$3,6
mod,$6,$4,3
mod,$6,$5,4
mod,$6,$8,1
mod,$6,$9,1
mod,$7,2,7
mod,$7,3,3
mod,$7,5,1
mod,$7,6,2
mod,$7,8,1
mod,$7,9,2
mod,$7,$0,1
mod,$7,$2,1
mod,$7,$4,1
mod,$7,$6,2
mod,$7,$7,2
mod,$7,$8,1
mod,$8,2,5
mod,$8,3,2
mod,$8,7,2
mod,$8,12,2
mod,$8,$10,1
mod,$9,$0,2
mod,$9,$1,1
mod,$9,$3,1
mod,$10,$3,1
pow,$0,0,2
pow,$0,2,1022
pow,$0,3,211
pow,$0,4,114
pow,$0,5,62
pow,$0,6,66
pow,$0,7,56
pow,$0,8,23
pow,$0,9,10
pow,$0,10,7
pow,$0,$0,12
pow,$0,$1,16
pow,$0,$2,23
pow,$0,$3,23
pow,$0,$4,11
pow,$0,$5,10
pow,$0,$6,5
pow,$0,$7,5
pow,$0,$8,3
pow,$1,0,1
pow,$1,2,691
pow,$1,3,158
pow,$1,4,70
pow,$1,5,45
pow,$1,6,29
pow,$1,7,20
pow,$1,8,11
pow,$1,9,5
pow,$1,10,2
pow,$1,11,2
pow,$1,$0,1431
pow,$1,$1,9
pow,$1,$2,149
pow,$1,$3,51
pow,$1,$4,24
pow,$1,$5,7
pow,$1,$6,11
pow,$1,$7,14
pow,$1,$8,6
pow,$1,$9,2
pow,$1,$10,1
pow,$2,0,2
pow,$2,2,301
pow,$2,3,39
pow,$2,4,17
pow,$2,5,17
pow,$2,6,3
pow,$2,7,6
pow,$2,8,7
pow,$2,9,3
pow,$2,10,1
pow,$2,$0,382
pow,$2,$1,28
pow,$2,$2,5
pow,$2,$3,51
pow,$2,$4,27
pow,$2,$5,4
pow,$2,$6,6
pow,$2,$7,4
pow,$2,$8,4
pow,$3,2,209
pow,$3,3,21
pow,$3,4,8
pow,$3,5,11
pow,$3,6,3
pow,$3,7,2
pow,$3,8,4
pow,$3,9,2
pow,$3,$0,130
pow,$3,$1,25
pow,$3,$2,84
pow,$3,$3,3
pow,$3,$4,42
pow,$3,$5,4
pow,$3,$6,1
pow,$3,$7,1
pow,$3,$8,1
pow,$4,0,1
pow,$4,2,107
pow,$4,3,6
pow,$4,4,4
pow,$4,5,3
pow,$4,6,1
pow,$4,7,4
pow,$4,8,1
pow,$4,9,3
pow,$4,11,1
pow,$4,$0,90
pow,$4,$1,8
pow,$4,$2,23
pow,$4,$3,27
pow,$4,$4,7
pow,$4,$5,9
pow,$4,$6,8
pow,$4,$7,2
pow,$4,$8,1
pow,$4,$9,1
pow,$5,2,88
pow,$5,3,7
pow,$5,4,4
pow,$5,5,3
pow,$5,6,2
pow,$5,7,2
pow,$5,8,6
pow,$5,9,1
pow,$5,$0,28
pow,$5,$1,6
pow,$5,$2,8
pow,$5,$3,16
pow,$5,$4,7
pow,$5,$5,3
pow,$5,$6,1
pow,$5,$7,2
pow,$5,$8,2
pow,$6,2,71
pow,$6,3,3
pow,$6,4,1
pow,$6,6,2
pow,$6,7,1
pow,$6,8,1
pow,$6,9,1
pow,$6,$0,10
pow,$6,$1,6
pow,$6,$2,8
pow,$6,$3,9
pow,$6,$4,4
pow,$6,$5,4
pow,$6,$6,2
pow,$6,$7,3
pow,$6,$8,4
pow,$6,$10,1
pow,$7,2,16
pow,$7,3,3
pow,$7,4,1
pow,$7,6,2
pow,$7,7,1
pow,$7,10,1
pow,$7,$0,7
pow,$7,$1,1
pow,$7,$2,3
pow,$7,$3,1
pow,$7,$4,2
pow,$7,$5,2
pow,$7,$8,1
pow,$8,2,19
pow,$8,3,1
pow,$8,4,1
pow,$8,$0,6
pow,$8,$1,1
pow,$8,$2,1
pow,$8,$4,1
pow,$8,$5,2
pow,$8,$9,1
pow,$9,2,1
pow,$9,3,1
pow,$9,7,1
pow,$9,$0,3
pow,$9,$1,2
pow,$9,$5,1
pow,$9,$7,3
pow,$9,$8,2
pow,$10,2,1
pow,$10,$4,3
pow,$10,$7,1
pow,$$2,$0,1
log,$0,2,32
log,$0,3,4
log,$0,4,6
log,$0,5,7
log,$0,8,2
log,$0,9,2
log,$0,10,5
log,$0,18,1
log,$0,23,1
log,$0,$0,2
log,$0,$2,1
log,$0,$3,3
log,$0,$4,1
log,$0,$5,2
log,$0,$6,2
log,$0,$7,1
log,$0,$8,1
log,$1,2,8
log,$1,3,1
log,$1,5,2
log,$1,14,1
log,$1,15,1
log,$1,16,1
log,$1,17,1
log,$1,18,1
log,$1,20,3
log,$1,$0,2
log,$1,$2,1
log,$1,$5,1
log,$1,$8,1
log,$2,2,9
log,$2,3,4
log,$2,6,1
log,$2,8,2
log,$2,10,5
log,$2,13,2
log,$2,$0,4
log,$2,$1,4
log,$2,$2,3
log,$2,$3,1
log,$2,$5,2
log,$3,2,4
log,$3,4,3
log,$3,6,1
log,$3,7,1
log,$3,$0,4
log,$3,$2,1
log,$3,$4,2
log,$4,2,2
log,$4,3,2
log,$4,10,1
log,$4,$0,2
log,$4,$1,3
log,$4,$2,1
log,$4,$3,1
log,$4,$5,1
log,$5,1,5
log,$5,2,3
log,$5,5,1
log,$5,7,1
log,$5,$1,1
log,$5,$3,1
log,$6,2,2
log,$6,6,1
log,$6,$2,1
log,$7,6,1
log,$7,9,1
log,$7,$0,2
log,$7,$7,1
log,$8,7,1
log,$8,10,1
fac,$0,0,38
fac,$1,0,37
fac,$2,0,19
fac,$3,0,24
fac,$4,0,21
fac,$5,0,13
fac,$6,0,6
fac,$7,0,2
fac,$8,0,2
fac,$9,0,1
gcd,$0,1,3
gcd,$0,2,217
gcd,$0,3,42
gcd,$0,4,62
gcd,$0,5,13
gcd,$0,6,27
gcd,$0,7,7
gcd,$0,8,24
gcd,$0,9,3
gcd,$0,10,2
gcd,$0,11,3
gcd,$0,12,4
gcd,$0,15,2
gcd,$0,16,2
gcd,$0,24,1
gcd,$0,38,1
gcd,$0,45,1
gcd,$0,49,1
gcd,$0,60,1
gcd,$0,81,5
gcd,$0,128,5
gcd,$0,4096,6
gcd,$0,19683,1
gcd,$0,262144,17
gcd,$0,1728000,1
gcd,$0,100000000,1
gcd,$0,1073741824,21
gcd,$0,281474976710656,13
gcd,$0,$1,12
gcd,$0,$2,33
gcd,$0,$3,25
gcd,$0,$4,7
gcd,$0,$5,7
gcd,$0,$6,6
gcd,$0,$7,2
gcd,$0,$8,5
gcd,$1,2,172
gcd,$1,3,20
gcd,$1,4,33
gcd,$1,5,10
gcd,$1,6,33
gcd,$1,7,7
gcd,$1,8,5
gcd,$1,9,7
gcd,$1,10,4
gcd,$1,11,1
gcd,$1,12,1
gcd,$1,19,1
gcd,$1,32,1
gcd,$1,49,1
gcd,$1,121,1
gcd,$1,210,1
gcd,$1,243,1
gcd,$1,4096,3
gcd,$1,1048580,1
gcd,$1,43046721,2
gcd,$1,1073741824,2
gcd,$1,281474976710656,10
gcd,$1,$0,125
gcd,$1,$2,42
gcd,$1,$3,23
gcd,$1,$4,19
gcd,$1,$5,10
gcd,$1,$6,7
gcd,$1,$7,2
gcd,$1,$8,3
gcd,$1,$10,1
gcd,$2,2,83
gcd,$2,3,12
gcd,$2,4,18
gcd,$2,5,3
gcd,$2,6,3
gcd,$2,7,2
gcd,$2,8,10
gcd,$2,9,2
gcd,$2,10,5
gcd,$2,11,1
gcd,$2,12,2
gcd,$2,16,2
gcd,$2,17,2
gcd,$2,32,1
gcd,$2,64,1
gcd,$2,81,1
gcd,$2,120,1
gcd,$2,243,1
gcd,$2,4096,2
gcd,$2,19683,1
gcd,$2,262144,2
gcd,$2,281474976710656,1
gcd,$2,$0,57
gcd,$2,$1,25
gcd,$2,$3,27
gcd,$2,$4,8
gcd,$2,$5,5
gcd,$2,$6,4
gcd,$2,$7,1
gcd,$2,$8,1
gcd,$3,2,50
gcd,$3,3,8
gcd,$3,4,11
gcd,$3,6,4
gcd,$3,7,2
gcd,$3,8,3
gcd,$3,9,1
gcd,$3,12,4
gcd,$3,16384,1
gcd,$3,$0,56
gcd,$3,$1,9
gcd,$3,$2,23
gcd,$3,$4,22
gcd,$3,$5,8
gcd,$3,$6,4
gcd,$3,$7,2
gcd,$3,$8,1
gcd,$4,2,44
gcd,$4,3,5
gcd,$4,4,5
gcd,$4,5,2
gcd,$4,6,3
gcd,$4,7,1
gcd,$4,8,2
gcd,$4,20,1
gcd,$4,32,1
gcd,$4,64,1
gcd,$4,98,1
gcd,$4,255,1
gcd,$4,$0,8
gcd,$4,$1,4
gcd,$4,$2,7
gcd,$4,$3,11
gcd,$4,$5,1
gcd,$4,$6,5
gcd,$4,$7,2
gcd,$4,$8,1
gcd,$5,2,17
gcd,$5,3,5
gcd,$5,4,4
gcd,$5,5,2
gcd,$5,7,2
gcd,$5,8,2
gcd,$5,18,1
gcd,$5,64,1
gcd,$5,81,1
gcd,$5,$0,5
gcd,$5,$1,1
gcd,$5,$2,3
gcd,$5,$3,8
gcd,$5,$4,2
gcd,$5,$6,4
gcd,$5,$7,2
gcd,$5,$8,2
gcd,$5,$9,1
gcd,$5,$10,2
gcd,$6,2,12
gcd,$6,3,2
gcd,$6,4,6
gcd,$6,8,5
gcd,$6,$0,6
gcd,$6,$2,1
gcd,$6,$3,3
gcd,$6,$4,3
gcd,$6,$5,5
gcd,$6,$7,2
gcd,$6,$8,3
gcd,$7,2,4
gcd,$7,3,1
gcd,$7,7,1
gcd,$7,42,1
gcd,$7,19683,1
gcd,$7,$0,4
gcd,$7,$1,1
gcd,$7,$2,1
gcd,$7,$3,1
gcd,$7,$5,6
gcd,$7,$6,2
gcd,$7,$8,2
gcd,$8,2,6
gcd,$8,6,1
gcd,$8,7,1
gcd,$8,$2,1
gcd,$8,$4,1
gcd,$8,$6,2
gcd,$8,$7,1
gcd,$9,4,1
gcd,$10,2,2
gcd,$10,4,1
gcd,$10,6,1
gcd,$10,9,2
gcd,$$1,2,1
gcd,$$4,$3,1
bin,$0,-2,2
bin,$0,0,2
bin,$0,2,362
bin,$0,3,107
bin,$0,4,46
bin,$0,5,26
bin,$0,6,10
bin,$0,7,10
bin,$0,8,9
bin,$0,9,3
bin,$0,10,4
bin,$0,11,2
bin,$0,12,1
bin,$0,50,1
bin,$0,$1,16
bin,$0,$2,52
bin,$0,$3,7
bin,$0,$4,5
bin,$0,$5,5
bin,$0,$6,3
bin,$0,$7,1
bin,$0,$8,3
bin,$1,2,233
bin,$1,3,35
bin,$1,4,13
bin,$1,5,22
bin,$1,6,10
bin,$1,7,4
bin,$1,8,4
bin,$1,9,2
bin,$1,11,2
bin,$1,$0,120
bin,$1,$2,37
bin,$1,$3,13
bin,$1,$4,1
bin,$1,$5,4
bin,$1,$6,6
bin,$1,$7,2
bin,$1,$8,1
bin,$1,$9,1
bin,$2,2,141
bin,$2,3,73
bin,$2,4,36
bin,$2,5,8
bin,$2,6,7
bin,$2,7,9
bin,$2,8,4
bin,$2,9,4
bin,$2,10,4
bin,$2,25,1
bin,$2,$0,112
bin,$2,$1,17
bin,$2,$3,28
bin,$2,$4,9
bin,$2,$5,2
bin,$2,$6,4
bin,$3,2,57
bin,$3,3,17
bin,$3,4,10
bin,$3,5,3
bin,$3,6,3
bin,$3,7,2
bin,$3,8,2
bin,$3,9,4
bin,$3,$0,14
bin,$3,$1,8
bin,$3,$2,20
bin,$3,$4,15
bin,$3,$5,3
bin,$3,$7,3
bin,$4,2,22
bin,$4,3,8
bin,$4,4,10
bin,$4,5,3
bin,$4,6,6
bin,$4,7,1
bin,$4,8,1
bin,$4,10,2
bin,$4,$0,15
bin,$4,$1,5
bin,$4,$2,9
bin,$4,$3,6
bin,$4,$5,8
bin,$4,$6,2
bin,$4,$8,2
bin,$5,2,13
bin,$5,3,6
bin,$5,4,6
bin,$5,5,4
bin,$5,7,2
bin,$5,9,1
bin,$5,$0,14
bin,$5,$2,9
bin,$5,$3,2
bin,$5,$4,6
bin,$5,$6,2
bin,$5,$7,2
bin,$5,$8,1
bin,$6,2,19
bin,$6,3,5
bin,$6,5,2
bin,$6,6,1
bin,$6,$0,8
bin,$6,$1,3
bin,$6,$2,8
bin,$6,$3,1
bin,$6,$5,6
bin,$6,$8,1
bin,$7,2,2
bin,$7,4,2
bin,$7,$2,4
bin,$7,$8,1
bin,$7,$9,1
bin,$8,2,2
bin,$8,3,1
bin,$8,5,1
bin,$8,9,1
bin,$8,$3,1
bin,$8,$7,1
bin,$9,4,1
bin,$9,$0,1
bin,$9,$10,1
bin,$10,3,1
bin,$10,$2,1
bin,$$2,$2,1
cmp,$0,0,4
cmp,$0,1,13
cmp,$0,2,15
cmp,$0,3,2
cmp,$0,4,6
cmp,$0,5,1
cmp,$0,6,5
cmp,$0,7,2
cmp,$0,8,1
cmp,$0,9,1
cmp,$0,1024,1
cmp,$0,$1,5
cmp,$0,$2,17
cmp,$0,$3,3
cmp,$0,$4,4
cmp,$0,$5,3
cmp,$0,$6,2
cmp,$0,$7,1
cmp,$1,1,2
cmp,$1,2,2
cmp,$1,3,1
cmp,$1,4,3
cmp,$1,5,1
cmp,$1,$0,15
cmp,$1,$2,4
cmp,$1,$3,1
cmp,$1,$4,1
cmp,$1,$5,1
cmp,$1,$8,1
cmp,$2,0,9
cmp,$2,1,10
cmp,$2,2,8
cmp,$2,3,4
cmp,$2,4,4
cmp,$2,5,2
cmp,$2,6,3
cmp,$2,7,5
cmp,$2,8,2
cmp,$2,9,3
cmp,$2,10,3
cmp,$2,11,3
cmp,$2,12,4
cmp,$2,13,3
cmp,$2,14,2
cmp,$2,15,2
cmp,$2,16,3
cmp,$2,17,2
cmp,$2,18,2
cmp,$2,19,2
cmp,$2,20,3
cmp,$2,21,2
cmp,$2,22,2
cmp,$2,23,2
cmp,$2,24,3
cmp,$2,25,2
cmp,$2,26,2
cmp,$2,27,2
cmp,$2,28,3
cmp,$2,29,2
cmp,$2,30,2
cmp,$2,31,2
cmp,$2,32,3
cmp,$2,33,2
cmp,$2,34,2
cmp,$2,35,2
cmp,$2,36,3
cmp,$2,37,3
cmp,$2,38,2
cmp,$2,39,2
cmp,$2,40,1
cmp,$2,41,1
cmp,$2,42,1
cmp,$2,43,1
cmp,$2,44,1
cmp,$2,45,1
cmp,$2,46,1
cmp,$2,47,1
cmp,$2,48,1
cmp,$2,49,1
cmp,$2,50,1
cmp,$2,51,1
cmp,$2,52,1
cmp,$2,53,1
cmp,$2,54,1
cmp,$2,55,1
cmp,$2,56,1
cmp,$2,57,1
cmp,$2,58,1
cmp,$2,59,1
cmp,$2,60,1
cmp,$2,61,1
cmp,$2,62,1
cmp,$2,63,1
cmp,$2,64,1
cmp,$2,65,1
cmp,$2,66,1
cmp,$2,67,1
cmp,$2,68,1
cmp,$2,69,1
cmp,$2,70,1
cmp,$2,71,1
cmp,$2,72,1
cmp,$2,73,1
cmp,$2,74,1
cmp,$2,75,1
cmp,$2,76,1
cmp,$2,77,1
cmp,$2,78,1
cmp,$2,79,1
cmp,$2,80,1
cmp,$2,81,1
cmp,$2,82,1
cmp,$2,83,1
cmp,$2,84,1
cmp,$2,85,1
cmp,$2,86,1
cmp,$2,87,1
cmp,$2,88,1
cmp,$2,$0,1
cmp,$2,$1,3
cmp,$2,$3,1
cmp,$2,$4,8
cmp,$2,$5,2
cmp,$2,$6,4
cmp,$2,$8,1
cmp,$3,0,3
cmp,$3,2,1
cmp,$3,$0,3
cmp,$3,$2,1
cmp,$3,$4,1
cmp,$3,$5,1
cmp,$3,$8,1
cmp,$3,$9,1
cmp,$4,0,1
cmp,$4,1,1
cmp,$4,3,1
cmp,$4,5,1
cmp,$4,6,1
cmp,$4,$0,1
cmp,$4,$1,1
cmp,$4,$3,1
cmp,$4,$8,1
cmp,$5,0,1
cmp,$5,2,1
cmp,$5,$0,2
cmp,$5,$1,3
cmp,$5,$3,2
cmp,$5,$6,1
cmp,$6,5,1
cmp,$6,7,1
cmp,$6,8,1
cmp,$6,$0,1
cmp,$6,$5,2
cmp,$7,2,2
cmp,$7,$1,1
cmp,$7,$6,1
cmp,$8,$2,1
cmp,$8,$5,1
cmp,$9,6,1
cmp,$$0,$1,1
lpb,$0,1,9570
lpb,$0,2,15
lpb,$0,3,10
lpb,$0,4,4
lpb,$0,5,4
lpb,$0,6,2
lpb,$0,8,1
lpb,$0,9,1
lpb,$0,13,2
lpb,$0,17,1
lpb,$0,36,2
lpb,$0,144,2
lpb,$0,839,1
lpb,$0,$0,3
lpb,$0,$1,1
lpb,$0,$5,1
lpb,$0,$6,1
lpb,$1,1,199
lpb,$1,3,6
lpb,$1,4,1
lpb,$1,5,2
lpb,$1,6,2
lpb,$1,7,4
lpb,$1,13,1
lpb,$1,$0,2
lpb,$2,1,3277
lpb,$2,2,5
lpb,$2,3,4
lpb,$2,4,4
lpb,$2,5,1
lpb,$2,6,4
lpb,$2,8,1
lpb,$2,10,1
lpb,$2,13,1
lpb,$2,$0,5
lpb,$2,$6,1
lpb,$3,1,1375
lpb,$3,2,7
lpb,$3,4,9
lpb,$3,5,1
lpb,$3,6,1
lpb,$3,7,3
lpb,$3,66,1
lpb,$3,$0,1
lpb,$4,1,1364
lpb,$4,2,4
lpb,$4,3,4
lpb,$4,4,1
lpb,$4,5,4
lpb,$4,6,2
lpb,$4,8,1
lpb,$4,14,2
lpb,$5,1,1025
lpb,$5,2,1
lpb,$5,3,3
lpb,$5,4,3
lpb,$5,5,2
lpb,$5,6,3
lpb,$5,10,1
lpb,$5,$0,1
lpb,$6,1,756
lpb,$6,2,3
lpb,$6,5,1
lpb,$6,6,2
lpb,$6,7,1
lpb,$6,9,1
lpb,$7,1,705
lpb,$7,3,1
lpb,$7,5,1
lpb,$7,8,1
lpb,$7,10,1
lpb,$7,$0,1
lpb,$8,1,323
lpb,$8,3,1
lpb,$8,10,3
lpb,$9,1,704
lpb,$10,1,319
lpb,$11,1,624
lpb,$12,1,373
lpb,$13,1,362
lpb,$14,1,350
lpb,$15,1,268
lpb,$16,1,237
lpb,$17,1,149
lpb,$18,1,180
lpb,$19,1,108
lpb,$20,1,98
lpb,$21,1,59
lpb,$22,1,66
lpb,$23,1,38
lpb,$24,1,26
lpb,$25,1,26
lpb,$26,1,22
lpb,$27,1,17
lpb,$28,1,9
lpb,$29,1,8
lpb,$30,1,6
lpb,$31,1,10
lpb,$32,1,2
lpb,$33,1,10
lpb,$34,1,8
lpb,$35,1,1
lpb,$37,1,8
lpb,$40,1,1
lpb,$94,1,1
lpb,$97,1,1
lpb,$$0,1,8
lpb,$$0,2,2
lpb,$$0,3,3
lpb,$$0,4,1
lpb,$$2,1,6
lpb,$$3,1,1
lpb,$$3,3,1
lpb,$$4,1,5
lpb,$$7,1,1
lpe,0,0,22881
clr,$0,1,7
clr,$0,2,1
clr,$0,3,3
clr,$0,4,19
clr,$0,5,37
clr,$0,6,35
clr,$0,7,114
clr,$0,8,35
clr,$0,9,78
clr,$0,10,76
clr,$0,11,63
clr,$0,12,189
clr,$0,13,43
clr,$0,14,119
clr,$0,15,42
clr,$0,16,122
clr,$0,17,29
clr,$0,18,61
clr,$0,19,27
clr,$0,20,20
clr,$0,21,12
clr,$0,22,19
clr,$0,23,13
clr,$0,24,2
clr,$0,25,14
clr,$0,26,8
clr,$0,27,2
clr,$0,28,2
clr,$0,29,2
clr,$0,30,2
clr,$0,31,8
clr,$0,38,1
clr,$0,95,1
clr,$0,$0,4
clr,$0,$1,1
clr,$0,$2,2
clr,$0,$3,2
clr,$0,$4,2
clr,$0,$5,2
clr,$0,$6,1
clr,$0,$9,1
clr,$1,1,7
clr,$1,2,1
clr,$1,6,1
clr,$1,$0,7
clr,$1,$2,2
clr,$1,$3,1
clr,$1,$6,1
clr,$2,1,1
clr,$2,2,2
clr,$2,4,3
clr,$2,6,2
clr,$2,90,1
clr,$2,$5,1
clr,$2,$6,2
clr,$2,$10,1
clr,$3,1,2
clr,$3,4,1
clr,$3,11,1
clr,$3,16,1
clr,$3,400,1
clr,$3,$0,2
clr,$3,$2,3
clr,$3,$3,1
clr,$3,$5,1
clr,$3,$6,1
clr,$3,$7,1
clr,$4,1,2
clr,$4,2,2
clr,$4,$0,3
clr,$4,$3,1
clr,$4,$4,1
clr,$4,$7,2
clr,$4,$8,1
clr,$5,1,1
clr,$5,2,1
clr,$5,6,2
clr,$5,8,1
clr,$5,$0,1
clr,$5,$1,1
clr,$5,$5,1
clr,$6,$0,1
clr,$6,$4,1
clr,$7,3,1
clr,$8,$4,1
